/*
Navicat MySQL Data Transfer

Source Server         : Localhost
Source Server Version : 50505
Source Host           : localhost:3306
Source Database       : fashmartdb

Target Server Type    : MYSQL
Target Server Version : 50505
File Encoding         : 65001

Date: 2020-11-14 11:18:20
*/

SET FOREIGN_KEY_CHECKS=0;

-- ----------------------------
-- Table structure for `fashmart099_brand`
-- ----------------------------
DROP TABLE IF EXISTS `fashmart099_brand`;
CREATE TABLE `fashmart099_brand` (
  `id` int(11) unsigned NOT NULL AUTO_INCREMENT,
  `create_date` varchar(255) DEFAULT NULL,
  `title` varchar(255) DEFAULT NULL,
  `slug` varchar(255) DEFAULT NULL,
  `brand_img` varchar(255) DEFAULT NULL,
  `status` varchar(255) DEFAULT NULL,
  `meta_description` varchar(255) DEFAULT NULL,
  `meta_keyword` varchar(255) DEFAULT NULL,
  `last_updated` timestamp NULL DEFAULT NULL ON UPDATE current_timestamp(),
  PRIMARY KEY (`id`)
) ENGINE=InnoDB AUTO_INCREMENT=20 DEFAULT CHARSET=utf8;

-- ----------------------------
-- Records of fashmart099_brand
-- ----------------------------
INSERT INTO `fashmart099_brand` VALUES ('1', null, 'Rosh Myer', 'rosh-myer', 'No Image Found', 'activate', 'Rosh Myer', 'rosh,myer', '2020-11-09 00:57:44');
INSERT INTO `fashmart099_brand` VALUES ('2', null, 'Gem & Lib', 'gem-lib', 'No Image Found', 'activate', 'Gem & Lib', 'gem-lib', '2020-11-09 00:57:46');
INSERT INTO `fashmart099_brand` VALUES ('3', null, 'Castle', 'castle', 'No Image Found', 'activate', 'Castle', 'castle', '2020-11-09 00:57:47');
INSERT INTO `fashmart099_brand` VALUES ('4', null, 'Abbasi', 'abbasi', 'No Image Found', 'activate', 'Abbasi', 'abbasi', '2020-11-09 00:57:47');
INSERT INTO `fashmart099_brand` VALUES ('5', null, 'Amir Adnan', 'admir-adnan', 'No Image Found', 'activate', 'amir adnan', 'amir adnan', '2020-11-09 00:57:48');
INSERT INTO `fashmart099_brand` VALUES ('6', null, 'Wistle', 'wistle', 'No Image Found', 'activate', 'Wistle', 'wistle', '2020-11-09 00:57:48');
INSERT INTO `fashmart099_brand` VALUES ('7', null, 'Diners', 'diners', 'No Image Found', 'activate', 'Diners', 'diners', '2020-11-09 00:57:49');
INSERT INTO `fashmart099_brand` VALUES ('8', null, 'Ginger & Co', 'ginger-co', 'No Image Found', 'activate', 'Ginger & Co', 'ginger co', '2020-11-09 00:57:49');
INSERT INTO `fashmart099_brand` VALUES ('9', null, 'Shahzaib Saeed', 'shahzaib-saeed', 'No Image Found', 'activate', 'Shahzaib Saeed', 'shahzaib saeed', '2020-11-09 00:57:50');
INSERT INTO `fashmart099_brand` VALUES ('10', null, 'Firdous', 'firdous', 'No Image Found', 'activate', 'Firdous', 'Firdous', '2020-11-09 00:57:50');
INSERT INTO `fashmart099_brand` VALUES ('11', null, 'Linta Collection', 'linta-collection', 'No Image Found', 'activate', 'Linta Collection', 'Linta Collection', '2020-11-09 00:57:51');
INSERT INTO `fashmart099_brand` VALUES ('12', null, 'T-Square', 't-square', 'No Image Found', 'activate', 'T-Square', 'T-Square', '2020-11-09 00:57:52');
INSERT INTO `fashmart099_brand` VALUES ('13', null, 'Zoya', 'zoya', 'No Image Found', 'activate', 'zoya', 'zoya', '2020-11-09 00:57:52');
INSERT INTO `fashmart099_brand` VALUES ('14', null, 'Khaadi', 'khaadi', 'No Image Found', 'activate', 'Khaadi', 'khaadi', '2020-11-09 00:57:53');
INSERT INTO `fashmart099_brand` VALUES ('15', null, 'Sana Safina', 'sana-safina', 'No Image Found', 'activate', 'Sana safina', 'sana safina', '2020-11-09 00:57:53');
INSERT INTO `fashmart099_brand` VALUES ('16', null, 'Signature', 'signature', 'No Image Found', 'activate', 'Signature', 'signature', '2020-11-09 00:57:56');
INSERT INTO `fashmart099_brand` VALUES ('17', null, 'Emerce', 'emerce', 'No Image Found', 'activate', 'Emerce', 'emerce', null);
INSERT INTO `fashmart099_brand` VALUES ('18', null, 'Red Wood Fashion', 'red-wood-fashion', 'No Image Found', 'activate', 'Red Wood Fashion', 'red wood fashion', null);
INSERT INTO `fashmart099_brand` VALUES ('19', null, 'Hijab e Batool', 'hijab-e-batool', 'No Image Found', 'activate', 'Hijab e Batool', 'hijsab e batool', null);

-- ----------------------------
-- Table structure for `fashmart099_category`
-- ----------------------------
DROP TABLE IF EXISTS `fashmart099_category`;
CREATE TABLE `fashmart099_category` (
  `id` int(10) unsigned NOT NULL AUTO_INCREMENT,
  `create_date` varchar(255) DEFAULT NULL,
  `title` varchar(255) DEFAULT NULL,
  `slug` varchar(255) DEFAULT NULL,
  `parent_id` int(11) DEFAULT NULL,
  `category_image` varchar(255) DEFAULT NULL,
  `category_banner_image` varchar(255) DEFAULT NULL,
  `status` varchar(255) DEFAULT NULL,
  `last_updated` timestamp NULL DEFAULT NULL ON UPDATE current_timestamp(),
  PRIMARY KEY (`id`)
) ENGINE=InnoDB AUTO_INCREMENT=38 DEFAULT CHARSET=utf8;

-- ----------------------------
-- Records of fashmart099_category
-- ----------------------------
INSERT INTO `fashmart099_category` VALUES ('1', '2020-11-08', 'Men', 'men', '0', 'fb9510bbac4c240ac50d66041ac5dea1.jpg', null, 'activate', null);
INSERT INTO `fashmart099_category` VALUES ('2', '2020-11-08', 'Women', 'women', '0', 'fd4f2fa0b39c6213b6ed3daea81ec199.jpg', null, 'activate', null);
INSERT INTO `fashmart099_category` VALUES ('3', '2020-11-08', 'Tshirts', 'tshirts', '1', 'd03cd2819120df0a1f3b20fec8215ad9.jpg', null, 'activate', null);
INSERT INTO `fashmart099_category` VALUES ('4', '2020-11-08', 'V-Neck', 'v-neck', '3', 'eb733ed7e7438afb465a97768d73b7a5.jpg', null, 'activate', null);
INSERT INTO `fashmart099_category` VALUES ('5', '2020-11-08', 'Round', 'round', '3', '2889ebcd5ad93d7e676f2fccd478e1a9.jpg', null, 'activate', null);
INSERT INTO `fashmart099_category` VALUES ('6', '2020-11-08', 'Polo', 'polo', '3', '1a90a45b5507dca00e1c977cee86d03c.jpg', null, 'activate', null);
INSERT INTO `fashmart099_category` VALUES ('7', '2020-11-08', 'Shirts', 'shirts', '1', '5a8da1c39d2e76b02483785a358218cc.jpg', null, 'activate', null);
INSERT INTO `fashmart099_category` VALUES ('8', '2020-11-08', 'Formal', 'formal', '7', '912b3db7f72c9147503f08776e72b82e.jpg', null, 'activate', null);
INSERT INTO `fashmart099_category` VALUES ('9', '2020-11-08', 'Casual', 'casual', '7', '78560792701ef7651cc38ac79b2d0886.jpg', null, 'activate', null);
INSERT INTO `fashmart099_category` VALUES ('10', '2020-11-08', 'Kurta & Shalwar Kameez', 'kurta-shalwar-kameez', '1', 'af3a1aeaae580ecf0042310783f72b2e.jpg', null, 'activate', '2020-11-11 01:38:55');
INSERT INTO `fashmart099_category` VALUES ('11', '2020-11-08', 'Unstiched', 'unstiched', '10', '54b23bb4fc1fd818d930b810b9cfc9df.jpg', null, 'activate', null);
INSERT INTO `fashmart099_category` VALUES ('12', '2020-11-08', 'Shalwar Kurta', 'shalwar-kurta', '10', '11c698317d7cd562f32be53c7b2ce818.jpg', null, 'activate', null);
INSERT INTO `fashmart099_category` VALUES ('13', '2020-11-08', 'Sherwani', 'sherwani', '10', '6bb818842c0fc7edf91548d74aa47f12.jpg', null, 'activate', null);
INSERT INTO `fashmart099_category` VALUES ('14', '2020-11-08', 'Shawls', 'shawls', '10', 'b546ecfa1d6e6f1782410f0adf0ab504.jpg', null, 'activate', null);
INSERT INTO `fashmart099_category` VALUES ('15', '2020-11-08', 'Trouser & Jeans', 'trouser-jeans', '1', '3d7698c0f1a5c0f13a9bb844bd9678d0.jpg', null, 'activate', '2020-11-08 20:40:18');
INSERT INTO `fashmart099_category` VALUES ('16', '2020-11-08', 'Chinos', 'chinos', '15', '7e6545f655f6a00bffc535fbc3c9fd99.jpg', null, 'activate', null);
INSERT INTO `fashmart099_category` VALUES ('17', '2020-11-08', 'Cargo', 'cargo', '15', 'aa2fcc5dcc81e4c8eba6faf87b68b18b.jpg', null, 'activate', null);
INSERT INTO `fashmart099_category` VALUES ('18', '2020-11-08', 'Jeans', 'jeans', '15', '7807a70de88b3baf23367f8b8794d9be.jpg', null, 'activate', null);
INSERT INTO `fashmart099_category` VALUES ('22', '', 'Unstich', 'unstich', '2', '4c3dc28d5a47ad7bfe98aa93bc3e3fd9.jpg', null, 'activate', null);
INSERT INTO `fashmart099_category` VALUES ('23', '', '2 Piece', '2-piece', '22', 'a3f082c843834ea2efd98f6d06604dcd.jpg', null, 'activate', null);
INSERT INTO `fashmart099_category` VALUES ('24', '', '3 Piece', '3-piece', '22', '10c815e38a96c61a731fecbd5131174b.jpg', null, 'activate', null);
INSERT INTO `fashmart099_category` VALUES ('25', '', 'Stich', 'stich', '2', 'e742a559bc080a2f9500f1d6ce455635.jpg', null, 'activate', null);
INSERT INTO `fashmart099_category` VALUES ('26', '', 'Kurti', 'kurti', '25', '0f1b9ac2e8daa1c0109b10fcc6527f00.jpg', null, 'activate', null);
INSERT INTO `fashmart099_category` VALUES ('27', '', 'Shalwar Kameez', 'shalwar-kameez', '25', 'f687b140db136e4bbb42af953cd204d9.jpg', null, 'activate', null);
INSERT INTO `fashmart099_category` VALUES ('28', '', 'Trouser & Pilazo', 'trouser-pilazo', '25', '8ee3161925391876524c28af7960a83c.jpg', null, 'activate', null);
INSERT INTO `fashmart099_category` VALUES ('29', '', 'Muslim Wear', 'muslim-wear', '2', '69355350844140bf5d9a79e3278a41bf.jpg', null, 'activate', null);
INSERT INTO `fashmart099_category` VALUES ('30', '', 'Abaya & Hijabs', 'abaya-hijabs', '29', 'b39b948f138c602bcab4d022251983dc.jpg', null, 'activate', '2020-11-11 01:45:18');
INSERT INTO `fashmart099_category` VALUES ('31', '', 'Dupatta & Shawls', 'dupatta-shawls', '29', '374784e9d45bdfe794fa3d5f01c27b92.jpg', null, 'activate', null);
INSERT INTO `fashmart099_category` VALUES ('32', '', 'Scarf', 'scarf', '29', '0606cba1b42b59442dcf48e87c4e4419.jpg', null, 'activate', null);
INSERT INTO `fashmart099_category` VALUES ('33', '', 'Tights & Jeans', 'tights-jeans', '2', '181fb3f1fc71885d2c7d91b11cf19b93.jpg', null, 'activate', null);
INSERT INTO `fashmart099_category` VALUES ('34', '', 'Jeans', 'jean', '33', 'adef0ffd1cef390a3774505df0a365f6.jpg', null, 'activate', null);
INSERT INTO `fashmart099_category` VALUES ('35', '', 'Tights', 'tights', '33', '89f932a73970a1d8ab2ace0129a1c6f2.jpg', null, 'activate', null);
INSERT INTO `fashmart099_category` VALUES ('36', '', 'Shorts', 'shorts', '33', 'd3aaf6c75b54fe3fe1c5bfd66fbc6835.jpg', null, 'activate', null);
INSERT INTO `fashmart099_category` VALUES ('37', '2020-11-08', 'Trouser', 'trouser', '15', '9fcba38ae8fa612f2d23dc7309dd66ef.jpg', null, 'activate', '2020-11-11 01:53:35');

-- ----------------------------
-- Table structure for `fashmart099_media`
-- ----------------------------
DROP TABLE IF EXISTS `fashmart099_media`;
CREATE TABLE `fashmart099_media` (
  `id` int(10) unsigned NOT NULL AUTO_INCREMENT,
  `create_date` varchar(255) DEFAULT NULL,
  `media_type` varchar(255) DEFAULT NULL,
  `title` varchar(255) DEFAULT NULL,
  `slug` varchar(255) DEFAULT NULL,
  `embed_code` varchar(255) DEFAULT NULL,
  `media_img` varchar(255) DEFAULT NULL,
  `status` varchar(255) DEFAULT NULL,
  `meta_description` varchar(255) DEFAULT NULL,
  `meta_keyword` varchar(255) DEFAULT NULL,
  PRIMARY KEY (`id`)
) ENGINE=InnoDB AUTO_INCREMENT=10 DEFAULT CHARSET=utf8;

-- ----------------------------
-- Records of fashmart099_media
-- ----------------------------
INSERT INTO `fashmart099_media` VALUES ('1', '2020-11-08', 'slideshow', 'slider01', 'slider01', 'slider01', '356c101b8e1a18d72770542565d75cee.jpg', 'activate', 'slider01', 'slider01');
INSERT INTO `fashmart099_media` VALUES ('9', '2020-11-11', 'slideshow', 'slider02', 'slider02', 'slider02', '55225526b015423d8100248d1ca4a832.jpg', 'activate', 'slider02', 'slider02');

-- ----------------------------
-- Table structure for `fashmart099_member`
-- ----------------------------
DROP TABLE IF EXISTS `fashmart099_member`;
CREATE TABLE `fashmart099_member` (
  `id` int(10) unsigned NOT NULL AUTO_INCREMENT,
  `name` varchar(255) DEFAULT NULL,
  `email` varchar(255) DEFAULT NULL,
  `password` varchar(255) DEFAULT NULL,
  `hash_key` varchar(255) DEFAULT NULL,
  `status` varchar(255) DEFAULT NULL,
  `role` varchar(255) DEFAULT NULL,
  `last_updated` timestamp NULL DEFAULT NULL ON UPDATE current_timestamp(),
  PRIMARY KEY (`id`)
) ENGINE=InnoDB AUTO_INCREMENT=3 DEFAULT CHARSET=utf8;

-- ----------------------------
-- Records of fashmart099_member
-- ----------------------------
INSERT INTO `fashmart099_member` VALUES ('1', 'aliyan', 'aliyan@gmail.com', '789', null, 'activate', 'admin', '2020-10-30 20:12:37');
INSERT INTO `fashmart099_member` VALUES ('2', 'raza', 'raza@gmail.com', '1234', null, 'activate', 'admin', null);

-- ----------------------------
-- Table structure for `fashmart099_product`
-- ----------------------------
DROP TABLE IF EXISTS `fashmart099_product`;
CREATE TABLE `fashmart099_product` (
  `id` int(10) unsigned NOT NULL AUTO_INCREMENT,
  `create_date` varchar(255) DEFAULT '',
  `title` varchar(255) DEFAULT NULL,
  `slug` varchar(255) DEFAULT NULL,
  `brand_id` int(11) DEFAULT NULL,
  `category_id` varchar(255) DEFAULT NULL,
  `product_img` varchar(255) DEFAULT '',
  `sku` varchar(255) DEFAULT NULL,
  `price` varchar(255) DEFAULT NULL,
  `special_price` varchar(255) DEFAULT NULL,
  `description` text DEFAULT NULL,
  `meta_description` varchar(255) DEFAULT NULL,
  `meta_keyword` varchar(255) DEFAULT NULL,
  `views` int(11) DEFAULT NULL,
  `status` varchar(255) DEFAULT NULL,
  `last_updated` timestamp NULL DEFAULT NULL ON UPDATE current_timestamp(),
  `is_featured` int(11) DEFAULT NULL,
  PRIMARY KEY (`id`)
) ENGINE=InnoDB AUTO_INCREMENT=156 DEFAULT CHARSET=utf8;

-- ----------------------------
-- Records of fashmart099_product
-- ----------------------------
INSERT INTO `fashmart099_product` VALUES ('1', '2020-11-08', 'White Polo Men Shirt by Rosh.Myer', 'white-polo-men-shirt-by-rosh-myer', '1', '1,3,4', 'ade768d64b891ea49ec51080cb9460c6.jpg', 'fmpolo', '4999', '4499', '- White Polo Men Shirt by Rosh.Myer\r\n- White Polo Men Shirt by Rosh.Myer\r\n- White Polo Men Shirt by Rosh.Myer\r\n- White Polo Men Shirt by Rosh.Myer', 'White Polo Men Shirt by Rosh.Myer in pakistan', 'White Polo Men Shirt by Rosh.Myer', '46', 'activate', '2020-11-12 17:46:47', '1');
INSERT INTO `fashmart099_product` VALUES ('2', '2020-11-11', 'Charcoal Slim Fit Trouser for Men by Rosh.Myer', 'charcoal-slim-fit-trouser-for-men-by-rosh-myer', '1', '1,3,4', '5b191a38b2409039d55c7baef7b178d8.jpg', 'fmtrouser', '1499', '999', 'Charcoal Slim Fit Trouser for Men by Rosh.Myer\r\n\r\n', 'Charcoal Slim Fit Trouser for Men by Rosh.Myer in pakistan', 'Charcoal Slim Fit Trouser for Men by Rosh.Myer', '2', 'activate', '2020-11-12 17:46:48', '0');
INSERT INTO `fashmart099_product` VALUES ('3', '2020-11-10', 'Trucker denim jacket for Men by T-Square', 'trucker-denim-jacket-for-men-by-t-square', '1', '1,3,5', '40d6b65f72fa843fc885831c08ea1de1.jpg', 'fmjacket', '1799', '1299', 'Trucker denim jacket for Men by T-Square', 'Trucker denim jacket for Men by T-Square in pakistan', 'Trucker denim jacket for Men by T-Square', '3', 'activate', '2020-11-12 17:46:49', '0');
INSERT INTO `fashmart099_product` VALUES ('4', '', 'Stylish Grey Coat For Men by T-Square', 'stylish-grey-coat-for-men-by-t-square', '1', '1,3,5', '26020245c33c12b97f03249fd6e5781d.jpg', 'fmshirt', '1799', '1499', 'Stylish Grey Coat For Men by T-Square', 'Stylish Grey Coat For Men by T-Square in pakistan', 'Stylish Grey Coat For Men by T-Square', '16', 'activate', '2020-11-12 17:46:58', '1');
INSERT INTO `fashmart099_product` VALUES ('5', '', 'Giorgio Luxus Full Sleeves T-Shirts', 'giorgio-luxus-full-sleeves-t-shirts', '2', '1,3,5', 'f15a7566d538afeee7259f49dc35bbae.jpg', 'fmshirt02', '1299', '899', 'Giorgio Luxus Full Sleeves T-Shirts', 'Giorgio Luxus Full Sleeves T-Shirts in pakistan', 'Giorgio Luxus Full Sleeves T-Shirts', '98', 'activate', '2020-11-12 17:47:02', '1');
INSERT INTO `fashmart099_product` VALUES ('6', '2019-04-15', 'Gudrun Labadie MD', 'gudrun-labadie-md', '9', '1,3,6', '5d6d170b74e150f2c8b1f723ea1f01bd.jpg', 'Gudrun Labadie MD-01', '299', '849', 'Natus iste nihil iste et voluptatem dolorum autem. Omnis alias aperiam rem sit nulla. Non ad magnam qui. Consequuntur ab laboriosam illo sit aspernatur rerum cumque.', 'Placeat ratione voluptas quis nihil. Hic modi neque quas ipsa eos nihil ex atque. Nemo qui sit et.', 'keyword-3', '8', 'activate', '2020-11-12 03:40:27', '0');
INSERT INTO `fashmart099_product` VALUES ('7', '2008-05-08', 'Prof. Marielle Mraz', 'prof-marielle-mraz', '9', '1,3,6', '7786bebb64ed1ed6c97b926d9883ac05.jpg', 'Prof. Marielle Mraz-01', '2349', '549', 'Placeat quisquam quia enim facilis. Nisi voluptatum ducimus magni expedita esse corporis ut maiores. Exercitationem quasi dolor accusantium perspiciatis et.', 'Id et sint eaque amet maxime. Quaerat ut dolore veritatis quo eos sit ratione.', 'keyword-1', '45', 'activate', '2020-11-11 23:29:22', '1');
INSERT INTO `fashmart099_product` VALUES ('8', '1970-11-18', 'Enrico Bernier', 'enrico-bernier', '9', '1,3,6', 'aa29e24d1f1b601491e6ce98417856a7.jpg', 'Enrico Bernier-01', '1249', '2349', 'Culpa magni blanditiis optio quisquam velit fugiat eum facere. Aut occaecati facilis dolorem repellat. Voluptate eligendi cupiditate inventore corporis sit nobis provident.', 'Sed illo qui aut. Temporibus dolor aut et atque occaecati.', 'keyword-2', '21', 'activate', '2020-11-11 23:30:00', '1');
INSERT INTO `fashmart099_product` VALUES ('9', '1981-04-24', 'Aracely Barrows III', 'aracely-barrows-iii', '9', '1,3,6', '2b83971b1dbf812b16d474daab6dedf2.jpg', 'Aracely Barrows III-01', '549', '299', 'Fugit quasi ipsum sunt quos perspiciatis ea. Corrupti reprehenderit eius quo dolores minus placeat. Id qui harum pariatur exercitationem.', 'Repudiandae eos sint molestiae distinctio. Vel qui expedita cum vel.', 'keyword-2', '56', 'activate', '2020-11-11 23:30:38', '1');
INSERT INTO `fashmart099_product` VALUES ('10', '1983-06-10', 'Violette Kuhic', 'violette-kuhic', '7', '1,7,8', 'e40e22962d9cc1a076ea1e0a79cdbbf9.jpg', 'Violette Kuhic-01', '3249', '549', 'Nam et exercitationem veniam eos est enim tempore. Sapiente omnis et quidem natus. Nulla quia ullam rerum omnis voluptas reprehenderit debitis.', 'Velit quis hic labore modi. Nostrum quasi itaque id velit.', 'keyword-1', '21', 'activate', '2020-11-11 23:31:30', '0');
INSERT INTO `fashmart099_product` VALUES ('11', '2005-11-09', 'Opal Prohaska', 'opal-prohaska', '7', '1,7,8', '2237ca9c50fc2348aba802b6d753266f.jpg', 'Opal Prohaska-01', '11999', '1249', 'Qui voluptas aperiam qui quia sed. Ipsam eaque nulla quidem voluptate nam ducimus quos itaque. Soluta eos sit et totam sit qui doloribus. Soluta ut dolorem ipsa consectetur facere.', 'Dolorem porro quaerat nobis dolorum. Eum ad ullam dolorum. Voluptate rerum repellendus quia illum.', 'keyword-1', '65', 'activate', '2020-11-11 23:32:18', '0');
INSERT INTO `fashmart099_product` VALUES ('12', '1998-09-21', 'Prof. Herbert Stanton DDS', 'prof-herbert-stanton-dds', '7', '1,7,8', 'f9588802b36e09ee1a2cb6adc63a881c.jpg', 'Prof. Herbert Stanton DDS-01', '7899', '549', 'Beatae qui ullam qui autem exercitationem. Quas praesentium blanditiis aut et ut distinctio nesciunt occaecati. Rerum sed consequuntur sunt corrupti sed aut possimus.', 'Quas aut iure ut molestiae. Qui ea nobis deleniti temporibus. Aspernatur nisi et molestiae.', 'keyword-2', '54', 'activate', '2020-11-11 23:32:45', '0');
INSERT INTO `fashmart099_product` VALUES ('13', '1986-09-19', 'Carli Olson', 'carli-olson', '8', '1,7,8', '1885de95dc93333a5b8085ef34e9ea37.jpg', 'Carli Olson-01', '299', '849', 'Neque omnis rem nam dolores qui. Saepe repellendus recusandae officiis rerum voluptatum ullam. Eius et ea quos tempore. Aliquam tempore odit quia rerum neque facere sapiente.', 'Voluptas et iusto dolore aut ut sed. Illum ad nulla sed reiciendis maxime.', 'keyword-3', '84', 'activate', '2020-11-11 23:33:46', '0');
INSERT INTO `fashmart099_product` VALUES ('14', '1970-08-17', 'Madalyn Beer', 'madalyn-beer', '5', '1,7,8', '7b5b71a27e6755b8b5a36ee216ab2738.jpg', 'Madalyn Beer-01', '2549', '1249', 'Vel dolor asperiores quia ut quisquam ad natus velit. Ut mollitia ut est non. Nisi asperiores quas repudiandae ut ut quae ex. Officia corrupti et est voluptate harum est eum.', 'Qui saepe officia in excepturi. Dolores quae omnis voluptatem est qui.', 'keyword-3', '32', 'activate', '2020-11-11 23:34:15', '0');
INSERT INTO `fashmart099_product` VALUES ('15', '2001-02-15', 'Antwon Beatty', 'antwon-beatty', '12', '1,7,9', '2a1b7675affc7be0b7c3ec972bf53a41.jpg', 'Antwon Beatty-01', '299', '6499', 'Unde voluptatem dolores cupiditate aut cumque. Praesentium iste eligendi minus repellat sunt esse. Non et ut sed ipsam.', 'Et consequuntur fugit sit. Ducimus odit veniam ut voluptatibus omnis numquam.', 'keyword-3', '95', 'activate', '2020-11-11 23:34:59', '1');
INSERT INTO `fashmart099_product` VALUES ('16', '1988-03-17', 'Vance Kirlin', 'vance-kirlin', '18', '1,7,9', 'f04b7ade6e6d66abe40a388588358607.jpg', 'Vance Kirlin-01', '4599', '6499', 'Cumque a in eligendi. At adipisci iste quas aut vel itaque molestias. Qui autem rerum soluta a sint ut.', 'Rem sit sapiente ipsum. Facilis voluptatum est at ab.', 'keyword-1', '5', 'activate', '2020-11-11 23:35:27', '0');
INSERT INTO `fashmart099_product` VALUES ('17', '1974-08-30', 'Prof. Coralie Lesch', 'prof-coralie-lesch', '6', '1,7,9', '1d1e358781b93a30e5079da05ddd45d7.jpg', 'Prof. Coralie Lesch-01', '3249', '11999', 'Ut in officiis sint vel consequuntur qui ut. Id voluptatem optio autem eos nobis est doloremque veritatis. Qui vel voluptatum eos rerum aut occaecati.', 'Optio natus laboriosam minima blanditiis. Exercitationem repudiandae maxime corporis officiis.', 'keyword-2', '1', 'activate', '2020-11-11 23:35:51', '1');
INSERT INTO `fashmart099_product` VALUES ('18', '2001-09-23', 'Gretchen Schimmel', 'gretchen-schimmel', '17', '1,7,9', '62448d38198e58e16cb8b1b296eeefe6.jpg', 'Gretchen Schimmel-01', '2549', '7899', 'Non corrupti rerum officia. Sint minus voluptate et et hic. Cum distinctio facilis et non ipsum.', 'Omnis necessitatibus et sapiente. Vitae dolore libero ducimus saepe fugiat corrupti.', 'keyword-1', '2', 'activate', '2020-11-11 23:36:29', '0');
INSERT INTO `fashmart099_product` VALUES ('19', '2006-03-05', 'Dr. Antone Cummings IV', 'dr-antone-cummings-iv', '16', '1,10,12', '85cc577c8b20a2e1b27b9be63fa4eef8.jpg', 'Dr. Antone Cummings IV-01', '499', '299', 'Blanditiis in dolores distinctio nesciunt. Sit provident cumque corporis modi dolorem est. Provident nemo et facilis ipsum.', 'Recusandae totam dolorem tempore voluptatum. Est modi nesciunt sint odio aut odit esse.', 'keyword-2', '65', 'activate', '2020-11-11 23:37:30', '0');
INSERT INTO `fashmart099_product` VALUES ('20', '2009-09-01', 'Ernie Lebsack', 'ernie-lebsack', '3', '1,10,12', 'a069df98ec8a0e85b132a9ba1907d296.jpg', 'Ernie Lebsack-01', '1249', '2549', 'Dolorum eos et consequatur vel et. Praesentium temporibus quisquam omnis qui. Aut exercitationem voluptatum nesciunt. Et id qui repudiandae ipsum.', 'Molestiae iure esse molestiae. Est dolorem amet occaecati. Dolorem accusantium ex veniam.', 'keyword-1', '32', 'activate', '2020-11-11 23:38:16', '0');
INSERT INTO `fashmart099_product` VALUES ('21', '1998-09-09', 'Mr. Roscoe Howe', 'mr-roscoe-howe', '18', '1,10,12', '1462e2fc29440aaf63c553bd6fb372d9.jpg', 'Mr. Roscoe Howe-01', '6499', '3249', 'Voluptatibus et assumenda nulla dolorum. Consequatur ad quo iure consequatur omnis in laborum facere.', 'Explicabo harum quibusdam atque itaque quas error sed. Rerum vel facilis rerum cupiditate.', 'keyword-3', '64', 'activate', '2020-11-11 23:39:07', '1');
INSERT INTO `fashmart099_product` VALUES ('22', '2018-07-04', 'Mr. Leon Collier IV', 'mr-leon-collier-iv', '5', '1,10,12', '2e57aa0504c39700257f4ab267686db1.jpg', 'Mr. Leon Collier IV-01', '6549', '2549', 'Iure vero ullam et voluptatem. Sint dolor adipisci numquam animi eveniet. Non possimus animi neque velit facilis corrupti.', 'Rerum quas quis id saepe. Voluptate eligendi eveniet aut temporibus. Ipsam dolorem sit iusto quam.', 'keyword-3', '561', 'activate', '2020-11-11 23:39:38', '1');
INSERT INTO `fashmart099_product` VALUES ('23', '1972-02-05', 'Ila Ruecker', 'ila-ruecker', '4', '1,10,12', '79077c3ab1d1ffcbecb039f65512b4fb.jpg', 'Ila Ruecker-01', '4599', '7899', 'Illo doloribus qui molestias saepe. Vero enim sunt nihil dolores quo maxime. Sint autem tempore odit. Iusto necessitatibus doloremque culpa minima eaque quos et numquam.', 'Reiciendis tempora non est. Aspernatur et sit eum nam beatae non. Ut natus corrupti placeat.', 'keyword-2', '54', 'activate', '2020-11-11 23:40:04', '0');
INSERT INTO `fashmart099_product` VALUES ('24', '2006-10-02', 'Mohamed Bartell MD', 'mohamed-bartell-md', '6', '1,10,11', '8ef45929f3224b7ddde963ac7cc8dca6.jpg', 'Mohamed Bartell MD-01', '111999', '2349', 'Et voluptatem quis est est sequi. Tenetur cumque vero sint. Dolore temporibus nam ullam ratione veniam.', 'Ullam qui eos vitae beatae rerum aut autem. Accusantium quia officia aut et et consequuntur.', 'keyword-3', '64', 'activate', '2020-11-11 23:41:08', '0');
INSERT INTO `fashmart099_product` VALUES ('25', '2007-07-10', 'Anne Kemmer', 'anne-kemmer', '12', '1,10,11', '71b066ed7fc817b1ee311889afd59e71.jpg', 'Anne Kemmer-01', '549', '6499', 'Harum ipsum corrupti quo fugit facere. Non expedita dolor porro quidem et et ut non. Voluptatem velit ut explicabo fugiat. Optio laudantium facere et voluptas.', 'Quod iusto assumenda in. Molestiae aut autem architecto sequi.', 'keyword-1', '21', 'activate', '2020-11-11 23:41:34', '0');
INSERT INTO `fashmart099_product` VALUES ('26', '1971-05-25', 'Prof. Maribel DuBuque', 'prof-maribel-dubuque', '3', '1,10,11', '0aa6e2b5dca423c3d375bda5d8341fd5.jpg', 'Prof. Maribel DuBuque-01', '3249', '549', 'Adipisci debitis eum est eius dolores expedita. Voluptatum quia et voluptatem aut. Voluptatum dolore veritatis nulla magni consequatur temporibus quasi dolores. Aut error voluptate maxime vel nihil.', 'Sunt facere qui qui quia at saepe deleniti. Ipsam modi excepturi iure. Et qui quas voluptas.', 'keyword-3', '561', 'activate', '2020-11-11 23:42:01', '1');
INSERT INTO `fashmart099_product` VALUES ('27', '2008-09-15', 'Lupe Stoltenberg', 'lupe-stoltenberg', '14', '1,10,11', 'ede5f35971da551fc77510053be94725.jpg', 'Lupe Stoltenberg-01', '11999', '499', 'Quia quos soluta ab nam qui est voluptas. Aperiam placeat doloribus est sed sit. Aliquid officiis ab earum.', 'Delectus qui similique qui. Voluptatem ipsa iste animi sed.', 'keyword-2', '1', 'activate', '2020-11-11 23:42:32', '0');
INSERT INTO `fashmart099_product` VALUES ('28', '1987-04-06', 'Jimmy Rippin', 'jimmy-rippin', '8', '1,10,11', 'e5ea814e0c9de3ca37feebe06cbe83da.jpg', 'Jimmy Rippin-01', '6549', '2349', 'Facilis et eius nesciunt fuga. Quis recusandae perferendis voluptatem dolore.', 'Animi perspiciatis similique exercitationem. Vel exercitationem consectetur rem sequi est sunt.', 'keyword-1', '95', 'activate', '2020-11-11 23:43:03', '0');
INSERT INTO `fashmart099_product` VALUES ('29', '2019-11-24', 'Triston Kerluke', 'triston-kerluke', '11', '1,10,14', 'b99caae6b1cd18da0708b08a9ee2c45d.jpg', 'Triston Kerluke-01', '4599', '499', 'Dolores distinctio voluptas error dicta. Ut autem sapiente qui aut quas quibusdam cupiditate omnis. Eius sint ipsa facere natus asperiores quibusdam.', 'Dignissimos et expedita cupiditate totam. Et quod natus unde.', 'keyword-2', '65', 'activate', '2020-11-11 23:43:52', '0');
INSERT INTO `fashmart099_product` VALUES ('30', '2002-07-26', 'Austyn Paucek', 'austyn-paucek', '14', '1,10,14', 'c732f3f34ffdc32208b3649c5e254d83.jpg', 'Austyn Paucek-01', '849', '849', 'Impedit reprehenderit quam ea quia debitis facilis cupiditate. Delectus veniam qui consequatur ut. Fuga incidunt qui et consequuntur autem aut.', 'Commodi earum quia ea dolores et eum error quae. Sint aut consequatur veritatis quam.', 'keyword-3', '54', 'activate', '2020-11-11 23:44:35', '0');
INSERT INTO `fashmart099_product` VALUES ('31', '2006-02-26', 'Florida Ondricka', 'florida-ondricka', '12', '1,10,14', 'edb06982dd53cb5892a2ac79cef19df9.jpg', 'Florida Ondricka-01', '111999', '111999', 'Culpa minima et fugiat. Pariatur dicta at doloribus aut temporibus. Qui eum iste porro a ad sed.', 'In similique aliquam delectus. Velit quo eos sunt voluptatum omnis quis.', 'keyword-3', '561', 'activate', '2020-11-11 23:45:21', '1');
INSERT INTO `fashmart099_product` VALUES ('32', '1978-06-14', 'Kacie Barton', 'kacie-barton', '18', '1,10,14', 'a09fb4ad25beec8829feb5977268deb7.jpg', 'Kacie Barton-01', '849', '6549', 'Sint ut ab nesciunt sit non. Rerum qui adipisci tenetur consectetur id. Et perspiciatis voluptatibus unde libero et. Reprehenderit cumque est quas eius.', 'Ea aut laudantium optio. Odio dolore aut id rerum quis rem eligendi. Ipsa sit in et.', 'keyword-2', '32', 'activate', '2020-11-11 23:45:56', '0');
INSERT INTO `fashmart099_product` VALUES ('33', '2012-01-15', 'Kasey Kerluke', 'kasey-kerluke', '5', '1,10,13', '9679e70b33165556577e3ea8b002380d.jpg', 'Kasey Kerluke-01', '849', '849', 'Distinctio earum enim similique excepturi eligendi. Harum quis atque est.', 'Maxime dolor aut minima eveniet odit. Atque et et molestiae. Pariatur est est tempore et.', 'keyword-3', '56', 'activate', '2020-11-11 23:46:59', '1');
INSERT INTO `fashmart099_product` VALUES ('34', '1987-08-28', 'Mr. Verner Luettgen V', 'mr-verner-luettgen-v', '9', '1,10,13', '233539e5cd5b50bdc5c12ee36a403ae2.jpg', 'Mr. Verner Luettgen V-01', '111999', '7899', 'Et aut occaecati beatae nostrum aperiam. Fuga eaque similique maxime est voluptatum quos qui. Sit dolorem ab nesciunt deleniti repellat qui.', 'Sunt ab nesciunt in deleniti. Porro alias optio ab est quo. Non mollitia accusamus quis.', 'keyword-3', '84', 'activate', '2020-11-11 23:48:55', '1');
INSERT INTO `fashmart099_product` VALUES ('35', '1974-03-01', 'Lily Luettgen', 'lily-luettgen', '14', '1,10,13', '141f9e15f08cd155ae77e46fdf19276f.jpg', 'Lily Luettgen-01', '1249', '1249', 'Illo atque quia repudiandae in incidunt omnis. Unde quidem harum aut quasi blanditiis distinctio at. Impedit illo quaerat quis et. Ea asperiores ab quia non doloremque sed sed.', 'Sed fuga et suscipit aut. Eum aperiam maiores fuga ut saepe tenetur. Est vel reiciendis sit ut.', 'keyword-2', '95', 'activate', '2020-11-11 23:49:41', '1');
INSERT INTO `fashmart099_product` VALUES ('36', '1980-05-29', 'Miss Tamara Ziemann', 'miss-tamara-ziemann', '8', '1,10,13', '410ee881acb3f26f064a57ae925c1286.jpg', 'Miss Tamara Ziemann-01', '2549', '7899', 'Dolore autem nostrum quaerat aut ad voluptas natus eveniet. Enim doloremque amet porro fugiat dolore aliquam. Qui adipisci odit eos delectus.', 'Voluptatem iure et doloremque exercitationem. Quod sit quam asperiores qui impedit aut.', 'keyword-1', '21', 'activate', '2020-11-11 23:50:36', '1');
INSERT INTO `fashmart099_product` VALUES ('37', '1973-02-14', 'Akeem McDermott', 'akeem-mcdermott', '2', '1,10,13', '4ebf6efaa5059745d09796cb0ab52a16.jpg', 'Akeem McDermott-01', '499', '1249', 'Rerum harum voluptas fugiat itaque ullam. Necessitatibus quas voluptas eveniet sed sed occaecati est. Omnis in nihil hic tempore.', 'Deserunt eius quia ducimus. Aliquam ut possimus suscipit omnis et.', 'keyword-2', '45', 'activate', '2020-11-11 23:51:14', '0');
INSERT INTO `fashmart099_product` VALUES ('38', '2008-12-29', 'Miss Prudence Marvin Jr.', 'miss-prudence-marvin-jr', '6', '1,15,17', '5234e167e8cb4ad994efabec4b90d3c8.jpg', 'Miss Prudence Marvin Jr.-01', '111999', '6499', 'Distinctio sed qui ipsum non. Animi sint sed minus qui et quia. Ea et deleniti magnam explicabo placeat labore ullam.', 'Nostrum quos nesciunt ea assumenda. Est rerum ea laboriosam voluptatem rem soluta.', 'keyword-1', '23', 'activate', '2020-11-11 23:52:07', '1');
INSERT INTO `fashmart099_product` VALUES ('39', '1970-08-27', 'Wava Ziemann V', 'wava-ziemann-v', '7', '1,15,17', 'ad2ed6ab27a5ebe6cc18bec578ee4b2e.jpg', 'Wava Ziemann V-01', '299', '111999', 'Sed architecto vitae eum reiciendis. Quasi repellendus occaecati illo dolore. Quidem nemo molestiae earum reprehenderit. Et laboriosam aut reprehenderit.', 'Odit qui maiores quia. Et cumque molestias recusandae incidunt.', 'keyword-1', '65', 'activate', '2020-11-11 23:52:45', '0');
INSERT INTO `fashmart099_product` VALUES ('40', '1970-08-05', 'Prof. Chloe Dibbert DDS', 'prof-chloe-dibbert-dds', '11', '1,15,17', 'd688fff3405aa19cb4afa45a6fbd1152.jpg', 'Prof. Chloe Dibbert DDS-01', '11999', '6549', 'Molestias voluptatem corrupti molestiae officia vel nesciunt quo alias. Dolor est libero est. Aliquam accusantium et quod et totam. Sit ad aut non.', 'Recusandae ut et quod et distinctio fugiat. Repellat perspiciatis eveniet velit iusto ipsam nobis.', 'keyword-2', '64', 'activate', '2020-11-11 23:53:23', '0');
INSERT INTO `fashmart099_product` VALUES ('41', '2016-01-19', 'Cesar Kuhn', 'cesar-kuhn', '17', '1,15,17', '17703ae23d474a8b7f87cabea6db2008.jpg', 'Cesar Kuhn-01', '2549', '1249', 'Cum minima est consequuntur impedit qui vitae. Totam vel quo nesciunt omnis eos. Blanditiis ipsa est labore molestias quos expedita modi. Ad id voluptate sapiente ea.', 'Quidem non eaque ea aut. Et nisi rerum modi est.', 'keyword-2', '1', 'activate', '2020-11-11 23:54:03', '0');
INSERT INTO `fashmart099_product` VALUES ('42', '2007-02-15', 'Morton Simonis', 'morton-simonis', '4', '1,15,16', 'cc5c3679400f0dcc1c4092b22719e16b.jpg', 'Morton Simonis-01', '2549', '11999', 'Qui non quidem aut qui. Omnis sit aut doloribus eius laborum et soluta vel. Voluptate ut neque et repudiandae tempora illo. Ad et animi sequi.', 'Nihil cupiditate rem alias cum. Quis sit odio eum.', 'keyword-2', '45', 'activate', '2020-11-11 23:55:01', '1');
INSERT INTO `fashmart099_product` VALUES ('43', '1981-03-23', 'Shemar Collins PhD', 'shemar-collins-phd', '16', '1,15,16', '1435e90af3a7e22df7f96e2a7251a189.jpg', 'Shemar Collins PhD-01', '6549', '6499', 'Explicabo consequatur saepe rerum tempore et atque quo. Veniam aliquam explicabo quia quis. Dolore sit assumenda voluptatem hic. Fugit nam omnis ipsam minus ullam.', 'Atque eligendi voluptate repellendus quos. Illum qui quidem ipsum vero eveniet.', 'keyword-2', '64', 'activate', '2020-11-11 23:55:35', '1');
INSERT INTO `fashmart099_product` VALUES ('44', '2007-05-19', 'Arlie Lehner', 'arlie-lehner', '7', '1,15,16', '843b5a699688673ed2e0d170cc12b636.jpg', 'Arlie Lehner-01', '299', '549', 'Tenetur labore et autem fuga repellat voluptate tempore. Atque non ut est laboriosam labore facilis. Et in tempora odio ut dignissimos iusto hic voluptates.', 'Velit reprehenderit velit eaque repudiandae. Iste molestiae quia aut et sapiente.', 'keyword-2', '2', 'activate', '2020-11-11 23:56:20', '1');
INSERT INTO `fashmart099_product` VALUES ('45', '2001-07-24', 'Dr. Chelsie Brakus PhD', 'dr-chelsie-brakus-phd', '6', '1,15,16', '0f0bb1954404241f60824f977b34b968.jpg', 'Dr. Chelsie Brakus PhD-01', '2549', '6549', 'Iure id omnis sint iusto necessitatibus nihil. Maiores voluptatum provident est qui. Non molestias ullam quae ut doloremque. Animi culpa quidem perspiciatis omnis natus in suscipit.', 'Quasi nihil molestiae fugiat odio autem. Voluptatem velit dolores voluptatem vel aut quo.', 'keyword-3', '95', 'activate', '2020-11-11 23:57:06', '1');
INSERT INTO `fashmart099_product` VALUES ('46', '1998-01-08', 'Mrs. Yasmin King IV', 'mrs-yasmin-king-iv', '3', '1,15,18', '26e9b92490d054222ffd53f4a124fb38.jpg', 'Mrs. Yasmin King IV-01', '4599', '1249', 'Consequatur perferendis nesciunt tempore architecto id. Qui ea qui rerum in quaerat repellat. Necessitatibus et excepturi tempora ut ad.', 'Sed molestiae commodi in harum voluptatibus officiis. Hic perferendis sit quo reprehenderit.', 'keyword-3', '21', 'activate', '2020-11-11 23:58:07', '1');
INSERT INTO `fashmart099_product` VALUES ('47', '1993-02-20', 'Meaghan Doyle', 'meaghan-doyle', '12', '1,15,18', 'a52e60b98829c1c6185da9c2060106fc.jpg', 'Meaghan Doyle-01', '7899', '6549', 'Doloremque et voluptatibus ut sunt vitae. Ea nesciunt et voluptatem dolores odio hic dicta. Voluptas quis consequatur beatae. A ipsa minus molestias dolor error magni ea aliquid.', 'Omnis sit et minus. Sint harum dignissimos nam non aut.', 'keyword-3', '56', 'activate', '2020-11-11 23:58:37', '0');
INSERT INTO `fashmart099_product` VALUES ('48', '1981-02-28', 'Noelia Schowalter', 'noelia-schowalter', '18', '1,15,18', 'd045381264d34722affea1995f6c71bc.jpg', 'Noelia Schowalter-01', '11999', '2549', 'Nihil nesciunt nostrum maiores eos voluptas labore cumque. Ea reprehenderit aliquid est assumenda asperiores accusantium. Saepe delectus est corrupti voluptatem.', 'Veritatis fuga qui molestiae voluptatem quia animi. Autem natus maxime qui eos numquam iste omnis.', 'keyword-2', '65', 'activate', '2020-11-11 23:59:12', '0');
INSERT INTO `fashmart099_product` VALUES ('49', '1998-08-17', 'Mr. Joe Jast', 'mr-joe-jast', '5', '1,15,18', 'e6882f13b752b13e7e56d16c565e2872.jpg', 'Mr. Joe Jast-01', '11999', '849', 'Sapiente blanditiis at rerum nemo provident. Velit nisi in nobis dolorem cupiditate quis necessitatibus. Maiores veniam sed cupiditate ut. Quos voluptatem maxime quos neque voluptatem in.', 'Soluta laudantium quia veritatis quae voluptas. Rem aperiam sit optio qui qui iure.', 'keyword-3', '21', 'activate', '2020-11-11 23:59:54', '0');
INSERT INTO `fashmart099_product` VALUES ('50', '1974-07-09', 'Fabian Keebler MD', 'fabian-keebler-md', '19', '2,22,23', '338f3d89c8f70d67943961dc54646659.jpg', 'Fabian Keebler MD-01', '2549', '6499', 'Ut totam tempora ut dolorem dolorum. Amet explicabo animi recusandae asperiores nostrum. Incidunt nobis dolorem aut.', 'Sint maxime sint praesentium odit et suscipit. Nostrum itaque laboriosam ad eligendi nam maxime.', 'keyword-1', '95', 'activate', '2020-11-12 16:01:24', '0');
INSERT INTO `fashmart099_product` VALUES ('51', '1999-12-22', 'Erling Kerluke', 'erling-kerluke', '15', '2,22,23', 'c90d46052baf8260fa6436716edf794e.jpg', 'Erling Kerluke-01', '6499', '2349', 'Qui ipsa modi quia quia quae veritatis. Dolores aliquid voluptate reprehenderit quia. Dolor est earum ex. Autem suscipit ullam repellendus ratione eos cum. Repellat eum enim nulla iure ea et quia.', 'Quo qui magni explicabo voluptatibus eveniet totam. Corrupti itaque sequi dolores maiores.', 'keyword-3', '54', 'activate', '2020-11-12 16:02:16', '0');
INSERT INTO `fashmart099_product` VALUES ('52', '2015-11-02', 'Dr. Lance Homenick', 'dr-lance-homenick', '10', '2,22,23', '5d0183cf66ae2011ed3fb44b375e58b9.jpg', 'Dr. Lance Homenick-01', '849', '45999', 'Provident cum ut autem alias et. Expedita sunt laudantium voluptate sit saepe laudantium. Harum ea aut atque minus quia. Est velit nostrum et dolorum dolor. Qui consectetur qui ut autem.', 'Perferendis est et neque esse. Neque earum mollitia ipsum dolorem nostrum.', 'keyword-1', '65', 'activate', '2020-11-12 16:03:03', '0');
INSERT INTO `fashmart099_product` VALUES ('53', '2000-11-17', 'Dr. Isaias O\'Kon', 'dr-isaias-okon', '14', '2,22,24', '1d9d6b62f84f4e9cece195981cb7bbd0.jpg', 'Dr. Isaias O\'Kon-01', '499', '299', 'Provident qui reiciendis optio. Ipsam sit suscipit est a soluta et. Nesciunt ratione laborum sint voluptatem tempora earum eos.', 'Eum cupiditate similique temporibus quod. Beatae delectus eum omnis.', 'keyword-3', '21', 'activate', '2020-11-12 16:03:59', '1');
INSERT INTO `fashmart099_product` VALUES ('54', '1983-02-19', 'Ezekiel Krajcik Jr.', 'ezekiel-krajcik-jr', '16', '2,22,24', 'b6b59f04960f1df03fe87662192c4f7d.jpg', 'Ezekiel Krajcik Jr.-01', '849', '6499', 'Odio atque dolorem dolor et ea cum. Quod corrupti facere quam ut velit et ipsam. Id provident nobis quia minus dolores.', 'Eligendi dolorem ea illo. Et reprehenderit necessitatibus eos.', 'keyword-1', '2', 'activate', '2020-11-12 16:04:52', '0');
INSERT INTO `fashmart099_product` VALUES ('55', '1977-05-22', 'Prof. Andres Schoen DDS', 'prof-andres-schoen-dds', '19', '2,22,24', '37d1cf67ebbaf261f3e8ba0c7c3774c9.jpg', 'Prof. Andres Schoen DDS-01', '299', '6499', 'Labore nam magnam aperiam. Ab repellat in ratione sunt ipsum est incidunt. Quae nihil rem sint aut labore. Et alias distinctio accusamus dolor enim occaecati laboriosam in.', 'Ut neque nemo sunt et. Molestiae molestias modi non qui sint occaecati.', 'keyword-1', '1', 'activate', '2020-11-12 16:05:46', '0');
INSERT INTO `fashmart099_product` VALUES ('56', '1996-09-12', 'Dion Marks', 'dion-marks', '11', '2,22,24', '8b2521ab59930ede5286ac0fa63d463e.jpg', 'Dion Marks-01', '549', '549', 'Sit et dolorem minima illo dolorum tempore. Repellat eaque officiis quae facilis. Aut qui saepe et quia aut.', 'Suscipit quia qui illum accusantium. Distinctio mollitia aut libero cumque occaecati impedit omnis.', 'keyword-2', '32', 'activate', '2020-11-12 16:06:33', '0');
INSERT INTO `fashmart099_product` VALUES ('57', '1989-05-12', 'Otho Mitchell', 'otho-mitchell', '15', '2,25,27', '578ebc814feeb848c7a6580b8a5a328a.jpg', 'Otho Mitchell-01', '45999', '2549', 'Ducimus perferendis sint nam modi consequatur molestias. Rem expedita sit quia illo veritatis quasi cumque. Quia inventore qui sapiente omnis. Voluptas dicta repudiandae quidem facere.', 'Dolores natus aperiam dolores at. Asperiores ratione aliquid ut ut. Nemo veniam ducimus et.', 'keyword-1', '54', 'activate', '2020-11-12 16:08:46', '1');
INSERT INTO `fashmart099_product` VALUES ('58', '1999-10-05', 'Dr. Sydney Maggio', 'dr-sydney-maggio', '19', '2,25,27', '1d844dc91a4c54de9938b6a49de522a2.jpg', 'Dr. Sydney Maggio-01', '549', '4599', 'Eum doloremque dolor asperiores natus. Dolor sit voluptatem laudantium impedit. Dolor assumenda maiores sed. Asperiores nulla est velit.', 'Exercitationem voluptatem ea autem asperiores fuga totam. Odio nihil reiciendis qui excepturi et.', 'keyword-2', '64', 'activate', '2020-11-12 16:09:18', '1');
INSERT INTO `fashmart099_product` VALUES ('59', '2020-06-19', 'Finn Hahn DDS', 'finn-hahn-dds', '13', '2,25,26', '2aae2012525afcccfcee42378ab0f8a9.jpg', 'Finn Hahn DDS-01', '1249', '6549', 'Nostrum commodi deserunt sed soluta perspiciatis eveniet beatae sit. Et porro ut voluptatem necessitatibus delectus culpa omnis. Doloremque qui iure blanditiis quas.', 'Sed id neque sed fuga et magni. Quaerat culpa aperiam quibusdam tenetur. Quia est et quibusdam.', 'keyword-2', '5', 'activate', '2020-11-12 16:10:11', '0');
INSERT INTO `fashmart099_product` VALUES ('60', '2001-09-29', 'Vallie Stroman', 'vallie-stroman', '18', '2,25,26', '9a3a770f1ccee3ba9028b100335612f7.jpg', 'Vallie Stroman-01', '7899', '2349', 'Ducimus accusamus qui nulla ut animi. Quia harum nesciunt in nam earum aut. Distinctio sint omnis odit sequi enim reprehenderit non.', 'Autem at qui laboriosam at aut. Rerum aspernatur vel saepe id id hic.', 'keyword-2', '95', 'activate', '2020-11-12 16:10:39', '0');
INSERT INTO `fashmart099_product` VALUES ('61', '1991-11-24', 'Prof. Berry Rath Sr.', 'prof-berry-rath-sr', '16', '2,25,26', '10f727822d2f5a0ef286d16532d1fcea.jpg', 'Prof. Berry Rath Sr.-01', '849', '7899', 'Quis ut voluptatem ut corrupti nobis quo. Nulla officia incidunt voluptatem. Tempore ea possimus alias sapiente exercitationem sequi doloribus atque. Velit et accusantium minus et incidunt corrupti.', 'Non laboriosam ex et aut esse earum. Eius reiciendis incidunt animi perferendis est voluptatem.', 'keyword-3', '15', 'activate', '2020-11-12 16:15:22', '0');
INSERT INTO `fashmart099_product` VALUES ('62', '1978-09-27', 'Dr. Audreanne Kassulke V', 'dr-audreanne-kassulke-v', '17', '2,25,26', '311baf647cd5120999d6145efa302077.jpg', 'Dr. Audreanne Kassulke V-01', '4599', '299', 'Laboriosam pariatur ducimus optio voluptatem. Optio aut quibusdam rerum quod quo autem eos. Rerum ut ad occaecati hic eaque quasi. Voluptates velit cumque recusandae enim ea.', 'Praesentium qui voluptas magnam. Saepe et eveniet saepe modi.', 'keyword-2', '95', 'activate', '2020-11-12 16:16:04', '1');
INSERT INTO `fashmart099_product` VALUES ('63', '1984-06-06', 'Dr. Jane Mertz Sr.', 'dr-jane-mertz-sr', '13', '2,25,28', 'b4b682e382522c25afe337d0bf810a2d.jpg', 'Dr. Jane Mertz Sr.-01', '6549', '1249', 'Qui enim quisquam quo aut eveniet. Doloremque et quo repellat omnis. Et voluptatem qui occaecati cumque quia consectetur ipsam. Saepe rem corporis voluptatem molestias consequatur odit.', 'Iste possimus sed doloremque amet. Delectus error nobis facilis qui.', 'keyword-1', '54', 'activate', '2020-11-12 16:17:26', '0');
INSERT INTO `fashmart099_product` VALUES ('64', '2017-11-26', 'Mr. Clovis Mayert', 'mr-clovis-mayert', '5', '2,25,28', '34307cb2dadb3e6cf3aa17dac31ee21f.jpg', 'Mr. Clovis Mayert-01', '7899', '2549', 'Dolore qui enim maxime itaque sunt. Quae doloribus sint et quis. Enim nobis aut delectus ducimus temporibus nobis. Dolorem temporibus non eligendi tenetur non quia qui. Sit et tempora deserunt eum.', 'Ipsum et occaecati harum aperiam. Est sequi eos accusantium sequi quia. Ut eius sit nobis aut.', 'keyword-3', '8', 'activate', '2020-11-12 16:18:10', '1');
INSERT INTO `fashmart099_product` VALUES ('65', '1979-12-20', 'Tina Thiel', 'tina-thiel', '10', '2,25,28', 'e32ba11ab9470d8bd7c6ef9ccefc43fc.jpg', 'Tina Thiel-01', '2549', '111999', 'Placeat ea ut quia officia tempore aut. Error molestias recusandae molestiae voluptatum esse quam.', 'Consequatur ullam eos aspernatur sed aliquid. Aperiam et libero tempore ex vel cupiditate.', 'keyword-1', '1', 'activate', '2020-11-12 16:19:02', '0');
INSERT INTO `fashmart099_product` VALUES ('66', '1970-11-10', 'Hazle Dickinson', 'hazle-dickinson', '8', '2,29,30', 'cf4330752d0d8a1a0de77a12b5cfda82.jpg', 'Hazle Dickinson-01', '499', '2349', 'Qui molestiae molestiae natus tenetur suscipit non. Eos delectus consectetur qui incidunt. Molestias maiores pariatur sapiente quos.', 'Non quia eum praesentium ad. Dolor eveniet voluptatibus cum repudiandae. At quidem ut sed veniam.', 'keyword-3', '1', 'activate', '2020-11-12 16:20:13', '1');
INSERT INTO `fashmart099_product` VALUES ('67', '1987-09-01', 'Mr. Billy Yundt', 'mr-billy-yundt', '6', '2,29,30', 'd1f096fdb6b914b299a80daa26ce5234.jpg', 'Mr. Billy Yundt-01', '7899', '6549', 'Nostrum ea quasi ut reprehenderit et. Totam consectetur consequuntur ipsa et esse. Quia nisi nisi assumenda quidem et soluta numquam.', 'Quisquam consectetur ut qui doloribus dignissimos. Et quo in ut blanditiis est dolore libero.', 'keyword-3', '95', 'activate', '2020-11-12 16:20:52', '1');
INSERT INTO `fashmart099_product` VALUES ('68', '1992-08-25', 'Edgardo Rohan I', 'edgardo-rohan-i', '19', '2,29,30', 'dbcfa0b9af490e9056eaa571a3e204ab.jpg', 'Edgardo Rohan I-01', '4599', '299', 'Sunt officia et reiciendis et atque rerum aut. Dignissimos quia ea omnis rerum eius enim enim. Ea laboriosam soluta odit libero repudiandae nemo non. Quo laboriosam omnis excepturi magnam quis ad.', 'Quas sequi dolores enim. Magnam ut libero incidunt et optio.', 'keyword-3', '5', 'activate', '2020-11-12 16:21:20', '1');
INSERT INTO `fashmart099_product` VALUES ('69', '1974-05-19', 'Sabrina Shanahan Sr.', 'sabrina-shanahan-sr', '19', '2,29,31', '5c1a21677534cf61c6b5c82a5acaa9b0.jpg', 'Sabrina Shanahan Sr.-01', '849', '6499', 'Dicta corporis illo dolor doloribus laudantium. Ea consectetur earum quo repellat ab libero et mollitia. Nobis sunt ea et tempora aliquam autem asperiores.', 'Dolore et perferendis facere enim. Aut minima natus molestias voluptas.', 'keyword-2', '56', 'activate', '2020-11-12 16:23:55', '1');
INSERT INTO `fashmart099_product` VALUES ('70', '2017-11-06', 'Ms. Brandi Macejkovic', 'ms-brandi-macejkovic', '5', '2,29,31', '507dc49e4ba36d81ff928201da0cbaa5.jpg', 'Ms. Brandi Macejkovic-01', '6499', '11999', 'Perferendis sit dignissimos eveniet quae explicabo. Enim occaecati quasi nihil nemo. Reiciendis dolorem debitis facilis modi expedita sit ut hic.', 'Quaerat autem quis rerum perferendis facere autem. Velit possimus corporis sed rerum.', 'keyword-3', '64', 'activate', '2020-11-12 16:24:43', '0');
INSERT INTO `fashmart099_product` VALUES ('71', '1972-07-23', 'Dr. Bennett Harris', 'dr-bennett-harris', '18', '2,29,31', 'd71ca2a9d7150f0595171c063401795a.jpg', 'Dr. Bennett Harris-01', '299', '4599', 'Dignissimos unde repellendus omnis. Eum nemo accusantium minima consequatur et dolorum saepe. Non quis ut quasi in aut commodi. Dolorum autem ut distinctio architecto quisquam atque.', 'Ut sint voluptate pariatur et. Et amet consequuntur perspiciatis rerum voluptas qui aut et.', 'keyword-2', '45', 'activate', '2020-11-12 16:25:30', '0');
INSERT INTO `fashmart099_product` VALUES ('72', '1989-07-07', 'Aylin Ward', 'aylin-ward', '13', '2,29,32', '4008acdc75dfb0c8f77955f295c34efa.jpg', 'Aylin Ward-01', '11999', '4599', 'Placeat ab repellat rerum omnis nobis et velit. Atque quae corrupti expedita iusto deleniti numquam.', 'Quibusdam tempore ab vel aperiam quis non. Magnam saepe illo rem explicabo quia sed sunt.', 'keyword-2', '8', 'activate', '2020-11-12 16:28:50', '1');
INSERT INTO `fashmart099_product` VALUES ('73', '1999-12-07', 'Dr. Stefan Botsford MD', 'dr-stefan-botsford-md', '5', '2,29,32', '6a56e1c8364d563762b42cae166540fc.jpg', 'Dr. Stefan Botsford MD-01', '2549', '6499', 'Ut consequatur vero est velit est veniam magnam. Quod libero vel similique. Sed et autem aliquam. Quos doloremque sint et cumque voluptas enim.', 'Commodi modi odit dolores. Qui et sint officiis id modi nisi temporibus ut. Aspernatur optio ut ut.', 'keyword-1', '45', 'activate', '2020-11-12 16:29:26', '0');
INSERT INTO `fashmart099_product` VALUES ('74', '2005-09-06', 'Scotty Medhurst IV', 'scotty-medhurst-iv', '6', '2,29,32', '5c4d0ec8e16ec5a66d8babbe04da83ae.jpg', 'Scotty Medhurst IV-01', '2549', '3249', 'Perferendis est qui aperiam dolores vero dolorem ab. Laudantium quis temporibus itaque sit. Possimus autem reiciendis quis voluptas inventore.', 'Ut at dolorum exercitationem rerum iusto. Rerum aliquam autem et autem quia eum.', 'keyword-2', '54', 'activate', '2020-11-12 16:30:35', '0');
INSERT INTO `fashmart099_product` VALUES ('75', '1990-06-14', 'Mr. Brian Pfannerstill I', 'mr-brian-pfannerstill-i', '10', '2,33,34', 'f528f4a4e7a9cd08a29c97033abe96f8.jpg', 'Mr. Brian Pfannerstill I-01', '849', '6499', 'Vel cum qui velit ea numquam ipsum. Delectus et assumenda dolor ab molestias quaerat. Et et velit sint voluptates.', 'Eum voluptatibus saepe nobis aspernatur. Molestiae nostrum enim sint earum tempora illum ipsam.', 'keyword-2', '23', 'activate', '2020-11-12 16:34:43', '1');
INSERT INTO `fashmart099_product` VALUES ('76', '2014-08-13', 'Roxanne O\'Conner DDS', 'roxanne-oconner-dds', '14', '2,33,34', 'f55181e589ff757ce170bd339d2f86aa.jpg', 'Roxanne O\'Conner DDS-01', '2549', '6549', 'Id culpa architecto nisi et temporibus temporibus est. Blanditiis laboriosam eos accusamus laboriosam. Non sint natus accusamus repellat.', 'Sit cumque vero reiciendis et tempora repellat. At enim voluptas non repellat.', 'keyword-1', '23', 'activate', '2020-11-12 16:35:09', '1');
INSERT INTO `fashmart099_product` VALUES ('77', '1984-05-25', 'Nyasia Schumm', 'nyasia-schumm', '10', '2,33,34', 'ceee3fedd6649efcef156a7a9daa9638.jpg', 'Nyasia Schumm-01', '549', '3249', 'Necessitatibus et quisquam rem. Dolor dolores dolores tempora qui voluptates debitis et. Non amet soluta perferendis quia sint. Quia sunt voluptas laudantium rerum dolore.', 'Omnis saepe dolorem ipsum rem assumenda repudiandae perspiciatis nihil. Qui doloremque ut quos et.', 'keyword-1', '54', 'activate', '2020-11-12 16:35:54', '1');
INSERT INTO `fashmart099_product` VALUES ('78', '1990-01-18', 'Veda Abbott', 'veda-abbott', '1', '2,25,28', 'No image found', 'Veda Abbott-01', '11999', '2349', 'Ad molestiae ut accusantium fugiat. Cupiditate omnis a atque dolor ut aut. Eius similique aut quia a laboriosam sequi.', 'Cum sunt neque aliquid suscipit quia et. Pariatur aut maiores id. Ut sed sunt et.', 'keyword-2', '561', 'deactivate', null, '1');
INSERT INTO `fashmart099_product` VALUES ('79', '2014-05-18', 'Mr. Gerson Kuhic Jr.', 'mr-gerson-kuhic-jr', '18', '2,29,30', 'No image found', 'Mr. Gerson Kuhic Jr.-01', '45999', '2549', 'Magni quae id doloribus sunt neque. Et tenetur molestias nisi. Reiciendis sequi quo fugiat qui assumenda expedita iusto dicta. Sit dolores eveniet illo culpa ipsam.', 'Rerum in est sunt. Delectus similique eveniet quia maiores dolorem dolorem. Ad sit perspiciatis ut.', 'keyword-1', '54', 'deactivate', null, '0');
INSERT INTO `fashmart099_product` VALUES ('80', '2013-06-09', 'Jerad Flatley', 'jerad-flatley', '13', '1,15,16', 'No image found', 'Jerad Flatley-01', '45999', '6549', 'Dicta ducimus et architecto nemo. Enim minus nisi sed doloribus. Commodi facere repellat voluptatum vel repellendus ex nulla. Ab praesentium voluptatum et.', 'Dolor laboriosam ut amet enim ipsa quis unde consequuntur. Aliquid voluptas id dolorum pariatur.', 'keyword-1', '23', 'activate', null, '0');
INSERT INTO `fashmart099_product` VALUES ('81', '1976-02-21', 'Ahmed Reynolds', 'ahmed-reynolds', '4', '2,25,26', 'No image found', 'Ahmed Reynolds-01', '6549', '849', 'Aliquid et fugiat voluptas sint itaque. Et suscipit eius nesciunt aut incidunt. Porro dolorem maiores voluptas dignissimos expedita distinctio nulla dolore.', 'Adipisci quis qui nesciunt dignissimos fugit autem cumque. Amet itaque nostrum facilis recusandae.', 'keyword-3', '8', 'deactivate', null, '1');
INSERT INTO `fashmart099_product` VALUES ('82', '1999-11-12', 'Mr. Gregorio Bode DDS', 'mr-gregorio-bode-dds', '18', '2,33,37', 'No image found', 'Mr. Gregorio Bode DDS-01', '2349', '2549', 'Ut similique eos libero. Magni nemo quos et nam voluptatem ea ipsa. Occaecati voluptatibus commodi quia. Sed sapiente sunt qui nihil quis mollitia cupiditate.', 'Cum maxime consequatur molestiae in. Omnis nihil consequatur amet aliquam rem ut voluptates.', 'keyword-2', '21', 'activate', null, '1');
INSERT INTO `fashmart099_product` VALUES ('83', '1983-05-03', 'Ms. Courtney Dicki IV', 'ms-courtney-dicki-iv', '12', '1,15,17', 'No image found', 'Ms. Courtney Dicki IV-01', '4599', '499', 'Consequatur ut aut amet neque inventore. Ut et iure velit itaque odio. Fugit vel earum corporis. Qui accusamus minima quae magni deleniti veniam numquam sapiente.', 'Suscipit velit odit et quibusdam delectus. Totam dolor laborum delectus.', 'keyword-3', '65', 'deactivate', null, '1');
INSERT INTO `fashmart099_product` VALUES ('84', '1985-07-29', 'Mr. Jerry Harris', 'mr-jerry-harris', '16', '1,3,4', 'No image found', 'Mr. Jerry Harris-01', '4599', '549', 'Perferendis adipisci eius nisi optio. Fugit repudiandae non accusamus repudiandae pariatur. Aut in reiciendis ut molestiae eaque quo.', 'Voluptatem qui molestiae explicabo soluta. Repellat aut corrupti numquam neque et maxime a.', 'keyword-3', '65', 'deactivate', null, '0');
INSERT INTO `fashmart099_product` VALUES ('85', '1990-10-31', 'Noble Wilkinson', 'noble-wilkinson', '13', '1,7,8', 'No image found', 'Noble Wilkinson-01', '11999', '11999', 'Qui ut quibusdam aut. Qui ea aliquid sequi ad rerum reprehenderit. Molestiae veritatis ea sunt mollitia optio commodi. Dolores qui asperiores perferendis accusantium accusantium sunt maxime.', 'Facilis quo sint rerum earum. Labore vel libero eum sit. Modi quo qui et aut.', 'keyword-3', '84', 'deactivate', null, '0');
INSERT INTO `fashmart099_product` VALUES ('86', '1982-07-25', 'Ms. Ally Dickinson III', 'ms-ally-dickinson-iii', '3', '2,29,30', 'No image found', 'Ms. Ally Dickinson III-01', '299', '11999', 'Quaerat quia quis dolor. Sunt dolor nam amet saepe veniam eum. Enim qui occaecati voluptatum repellendus voluptatum libero neque. Consequuntur autem ut nemo quo.', 'Fugit rem architecto quod voluptas optio eligendi eum. Sed in et consequatur eos.', 'keyword-3', '56', 'deactivate', null, '1');
INSERT INTO `fashmart099_product` VALUES ('87', '1975-06-29', 'Delores Kutch', 'delores-kutch', '2', '1,7,8', 'No image found', 'Delores Kutch-01', '4599', '45999', 'Quam quia in impedit qui error earum quia. Necessitatibus odio quia earum consequatur quia ullam. Veritatis illum consectetur autem.', 'Quis expedita quod quo dolores laboriosam. Perspiciatis error ut quo dolor voluptas ut suscipit.', 'keyword-3', '23', 'deactivate', null, '0');
INSERT INTO `fashmart099_product` VALUES ('88', '1977-03-22', 'Prof. Donavon Greenfelder V', 'prof-donavon-greenfelder-v', '13', '2,33,34', 'No image found', 'Prof. Donavon Greenfelder V-01', '6499', '4599', 'Nihil non quidem esse dolor illum error voluptate. Provident ipsum magnam laborum dicta rerum asperiores. Soluta nam corrupti autem quo.', 'Possimus commodi saepe nostrum reprehenderit. Et dolorem ut sapiente praesentium.', 'keyword-2', '56', 'deactivate', null, '0');
INSERT INTO `fashmart099_product` VALUES ('89', '1985-10-20', 'Mrs. Eliane Hauck DVM', 'mrs-eliane-hauck-dvm', '3', '2,33,35', 'No image found', 'Mrs. Eliane Hauck DVM-01', '2549', '299', 'Sed deserunt voluptas voluptas dolorum. Necessitatibus magni adipisci incidunt voluptate alias voluptas. Quasi nesciunt totam qui repudiandae quae animi.', 'Quo temporibus aut eaque deleniti et accusantium. Et ipsum non odio culpa ipsa sint hic.', 'keyword-1', '1', 'deactivate', null, '1');
INSERT INTO `fashmart099_product` VALUES ('90', '1985-04-02', 'Ethelyn Halvorson MD', 'ethelyn-halvorson-md', '7', '2,29,31', 'No image found', 'Ethelyn Halvorson MD-01', '4599', '499', 'Quia et aut quod minima quo autem asperiores. Id eum et impedit magnam eius et deleniti. Est sint beatae quia quaerat repudiandae temporibus natus. Reiciendis qui optio et adipisci ad.', 'Enim enim est commodi dolorem. Ut tempora aperiam aut ipsam. Ut reprehenderit est natus.', 'keyword-1', '45', 'deactivate', null, '1');
INSERT INTO `fashmart099_product` VALUES ('91', '2003-05-22', 'Elisabeth Boyle', 'elisabeth-boyle', '15', '2,22,23', 'No image found', 'Elisabeth Boyle-01', '111999', '45999', 'Reiciendis dolore quo est architecto dolor. Et dignissimos non cum maxime placeat quae. Et maxime architecto in aperiam. Nihil consequatur adipisci mollitia inventore maiores recusandae voluptatem.', 'Et eius non et quaerat modi natus. Dolores non doloremque vel velit sit.', 'keyword-3', '32', 'deactivate', null, '0');
INSERT INTO `fashmart099_product` VALUES ('92', '2013-10-23', 'Gilda Hahn', 'gilda-hahn', '16', '1,7,8', 'No image found', 'Gilda Hahn-01', '45999', '6499', 'Vel impedit quo ad dolorem. Inventore enim aut amet. Et eum explicabo ut est enim dolores.', 'Aperiam aut qui nihil deserunt illo. Id voluptas culpa reiciendis.', 'keyword-3', '15', 'deactivate', null, '1');
INSERT INTO `fashmart099_product` VALUES ('93', '2002-03-22', 'Augustus Bernier III', 'augustus-bernier-iii', '9', '2,22,23', 'No image found', 'Augustus Bernier III-01', '849', '849', 'Voluptas et dolores tempora ut consequatur. Voluptates rerum unde quasi omnis sunt. Consequatur unde ut aliquam quia.', 'Occaecati doloribus nam et vero et nihil ex. Neque eius et esse quos minus esse.', 'keyword-2', '45', 'activate', null, '1');
INSERT INTO `fashmart099_product` VALUES ('94', '2020-10-03', 'Deborah Smith', 'deborah-smith', '10', '2,29,31', 'No image found', 'Deborah Smith-01', '2549', '549', 'Quas ut id non omnis inventore eaque. Autem voluptate et quas sed voluptatem porro dicta. Laudantium assumenda natus provident ut.', 'Iusto ad distinctio explicabo porro earum eos. Mollitia a cum possimus earum sint minus.', 'keyword-1', '32', 'activate', null, '0');
INSERT INTO `fashmart099_product` VALUES ('95', '1996-05-05', 'Roxane Grimes', 'roxane-grimes', '9', '2,29,30', 'No image found', 'Roxane Grimes-01', '6549', '6499', 'Nisi suscipit natus nisi perferendis. Ullam inventore id officiis velit sint. Rem ratione officiis architecto aut odio excepturi eos. Officiis voluptates quos ut facere sunt provident.', 'Suscipit provident ratione dolor praesentium. Reiciendis libero ullam rerum earum consectetur.', 'keyword-2', '95', 'activate', null, '1');
INSERT INTO `fashmart099_product` VALUES ('96', '1984-10-09', 'Mr. Adrain Mante', 'mr-adrain-mante', '15', '1,10,14', 'No image found', 'Mr. Adrain Mante-01', '499', '1249', 'Vel temporibus soluta aperiam nihil vitae. Velit non minus et est est eveniet fugiat. Quam iusto aut assumenda quis autem. Architecto voluptas veritatis doloremque et sint laborum qui incidunt.', 'Enim enim voluptas sequi laboriosam. Aut excepturi ratione qui dolorum perferendis et quae dolores.', 'keyword-1', '95', 'deactivate', null, '0');
INSERT INTO `fashmart099_product` VALUES ('97', '1976-09-09', 'Miss Sharon Welch II', 'miss-sharon-welch-ii', '8', '2,29,32', 'No image found', 'Miss Sharon Welch II-01', '1249', '6549', 'Ut quidem voluptates quo consequatur sunt expedita. Quia aliquam qui dolor ratione esse voluptates quidem quo. Fugiat est omnis quia assumenda non quo.', 'Reiciendis id omnis qui quia dolorem nulla. Quae minus quis quae. Aspernatur facere id tenetur.', 'keyword-1', '54', 'deactivate', null, '0');
INSERT INTO `fashmart099_product` VALUES ('98', '2016-03-13', 'Dr. Elliot Jaskolski PhD', 'dr-elliot-jaskolski-phd', '10', '1,3,4', 'No image found', 'Dr. Elliot Jaskolski PhD-01', '299', '111999', 'Non sit facere quia doloribus ipsum ab ea. Occaecati eligendi qui nemo minima aut id illo et. Voluptatum eaque quas commodi quidem. Libero aut numquam voluptatem officiis ea.', 'Magni beatae dolorum tenetur. Adipisci soluta in magni dolorum enim et.', 'keyword-1', '5', 'deactivate', null, '0');
INSERT INTO `fashmart099_product` VALUES ('99', '2005-03-12', 'Maritza Cruickshank', 'maritza-cruickshank', '18', '2,22,23', 'No image found', 'Maritza Cruickshank-01', '7899', '299', 'Sed quis aut perspiciatis voluptas et. Quisquam dolores debitis aut. Beatae iure quae quis dicta aliquam. Ex quis voluptate aut aliquam quasi dolore.', 'Voluptas ab suscipit aspernatur ut eius aut. Aut quibusdam officiis quasi eligendi dolores illo.', 'keyword-3', '65', 'activate', null, '1');
INSERT INTO `fashmart099_product` VALUES ('100', '2011-12-24', 'Zita Gulgowski', 'zita-gulgowski', '11', '1,3,4', 'No image found', 'Zita Gulgowski-01', '111999', '11999', 'Quo soluta et est porro et alias quia. Amet aliquid sequi ut sit eos at. Non sed aspernatur provident iusto reprehenderit.', 'Officia soluta quam vel. Rem et aperiam numquam omnis sit doloribus.', 'keyword-1', '45', 'activate', null, '1');
INSERT INTO `fashmart099_product` VALUES ('101', '1971-07-03', 'Roel Lind', 'roel-lind', '10', '2,25,27', 'No image found', 'Roel Lind-01', '4599', '849', 'Est deleniti aut quo ipsa explicabo est odit. Nesciunt ut architecto libero quia reprehenderit est et. Et velit et cum voluptatem blanditiis distinctio.', 'Quae necessitatibus qui veniam. Sit tempora qui qui expedita temporibus.', 'keyword-1', '2', 'deactivate', null, '0');
INSERT INTO `fashmart099_product` VALUES ('102', '1977-03-17', 'Ignacio Thompson', 'ignacio-thompson', '14', '2,33,37', 'No image found', 'Ignacio Thompson-01', '2349', '549', 'Tenetur ab aliquid qui quos est. Iure voluptas facilis qui. Cumque laboriosam reiciendis adipisci ipsum rerum. Molestias dolorum ea nesciunt non aut.', 'Dolorem non quas beatae beatae est in fugiat. Sunt et et aperiam qui debitis.', 'keyword-1', '23', 'deactivate', null, '0');
INSERT INTO `fashmart099_product` VALUES ('103', '1972-03-12', 'Chelsie Heathcote', 'chelsie-heathcote', '14', '1,3,6', 'No image found', 'Chelsie Heathcote-01', '2549', '111999', 'Ut culpa omnis ea vitae odio quia. Est ipsa eligendi beatae. Exercitationem facilis deleniti deserunt. Atque natus et id non consequatur sint aut. Vero ullam rerum quis rem iste.', 'Sed iste eos velit et in nobis ex. Non eum harum distinctio reprehenderit.', 'keyword-3', '21', 'activate', null, '0');
INSERT INTO `fashmart099_product` VALUES ('104', '1994-01-04', 'Ursula Sawayn', 'ursula-sawayn', '19', '1,7,9', 'No image found', 'Ursula Sawayn-01', '299', '111999', 'Perspiciatis qui voluptatem sit atque reprehenderit sit blanditiis. Asperiores esse maiores ut veniam illum. Quas id dolores quo nihil debitis et.', 'Debitis soluta amet aut eos error eveniet asperiores. Doloremque autem placeat sit qui quo.', 'keyword-1', '45', 'deactivate', null, '0');
INSERT INTO `fashmart099_product` VALUES ('105', '1989-10-31', 'Amanda Price', 'amanda-price', '1', '2,29,32', 'No image found', 'Amanda Price-01', '499', '849', 'Dolor soluta qui necessitatibus incidunt. Et animi sed distinctio. Ut ab sit sunt placeat in voluptatem et. Voluptates fugiat quis pariatur minus nostrum.', 'Praesentium a nesciunt cupiditate. Perferendis vel aspernatur laboriosam eos.', 'keyword-3', '56', 'activate', null, '0');
INSERT INTO `fashmart099_product` VALUES ('106', '2013-06-07', 'Alta Kulas', 'alta-kulas', '16', '2,25,26', 'No image found', 'Alta Kulas-01', '4599', '849', 'Tenetur corrupti voluptatibus repellendus quia recusandae possimus quia. Quas sed excepturi quia quidem ipsam aut amet atque. Aut laborum eveniet sapiente facere et culpa.', 'Molestias dolores recusandae provident earum. Maxime voluptas tempore harum omnis quia quo qui.', 'keyword-3', '32', 'deactivate', null, '1');
INSERT INTO `fashmart099_product` VALUES ('107', '1973-10-09', 'Aurelie Wintheiser', 'aurelie-wintheiser', '4', '1,15,17', 'No image found', 'Aurelie Wintheiser-01', '7899', '7899', 'Est rem numquam nostrum. Voluptas itaque corrupti quia doloribus dolores et aspernatur dolorem. Animi hic commodi quia velit similique et. In architecto expedita sapiente.', 'Nihil fuga blanditiis deleniti at. Dicta distinctio nihil dicta et omnis.', 'keyword-1', '95', 'activate', null, '1');
INSERT INTO `fashmart099_product` VALUES ('108', '2016-04-11', 'Dr. Modesto Bergnaum', 'dr-modesto-bergnaum', '7', '2,29,31', 'No image found', 'Dr. Modesto Bergnaum-01', '299', '549', 'A voluptatem pariatur voluptas non. Ducimus numquam asperiores nihil expedita debitis temporibus. Omnis officia vitae tenetur. Enim natus enim labore soluta voluptas voluptas.', 'Et perferendis ex alias ratione perspiciatis vero. Mollitia ut nihil aut ut harum saepe.', 'keyword-3', '21', 'activate', null, '1');
INSERT INTO `fashmart099_product` VALUES ('109', '1998-01-08', 'Telly Von', 'telly-von', '3', '2,29,31', 'No image found', 'Telly Von-01', '499', '3249', 'Iusto laboriosam suscipit qui aliquid officia fugit debitis. Labore aut reprehenderit molestiae velit voluptas corporis quia. Perferendis est quia quos ut est.', 'Maxime aliquam ex incidunt id earum. Et quia sunt explicabo nemo dolore alias quas consequatur.', 'keyword-1', '15', 'deactivate', null, '0');
INSERT INTO `fashmart099_product` VALUES ('110', '1979-12-07', 'Mr. Jerad Crona', 'mr-jerad-crona', '4', '2,25,26', 'No image found', 'Mr. Jerad Crona-01', '299', '6549', 'Dolores iste excepturi velit vel beatae excepturi itaque. Doloremque inventore aspernatur quam. Nihil necessitatibus enim praesentium voluptates.', 'Voluptatibus explicabo et quas enim recusandae. Quam fugiat maxime ut ipsam.', 'keyword-3', '2', 'activate', null, '1');
INSERT INTO `fashmart099_product` VALUES ('111', '1972-10-18', 'Tobin Parker', 'tobin-parker', '9', '2,22,24', 'No image found', 'Tobin Parker-01', '6499', '6499', 'Repellat eveniet veritatis quis fugit. Nulla nostrum ut dolorem harum rem.', 'Quis aut commodi qui. Et qui a qui. Aliquid quaerat et consequatur sapiente et ea.', 'keyword-2', '32', 'activate', null, '0');
INSERT INTO `fashmart099_product` VALUES ('112', '1984-09-25', 'Brain Upton', 'brain-upton', '6', '2,29,31', 'No image found', 'Brain Upton-01', '2349', '2549', 'Voluptates ipsum nihil rerum quia voluptas. Omnis perferendis harum soluta repudiandae voluptatum repudiandae sed. Maxime perspiciatis architecto tempore tempore quibusdam.', 'In repudiandae et placeat debitis aut aspernatur sit vel. Aut quis est rerum et.', 'keyword-3', '54', 'activate', null, '0');
INSERT INTO `fashmart099_product` VALUES ('113', '2004-07-24', 'Leatha Corwin Sr.', 'leatha-corwin-sr', '5', '1,15,17', 'No image found', 'Leatha Corwin Sr.-01', '6499', '2349', 'Magnam aut delectus quo ut nihil aut voluptatum pariatur. Ut qui minus illo sunt vel ut. Doloremque quo iure nemo facere doloribus. Neque fuga voluptatum quae commodi enim omnis.', 'Ut officiis incidunt labore voluptas. Recusandae doloribus sit quia omnis non voluptates.', 'keyword-2', '54', 'deactivate', null, '0');
INSERT INTO `fashmart099_product` VALUES ('114', '1984-12-05', 'Brando Leannon', 'brando-leannon', '8', '2,29,31', 'No image found', 'Brando Leannon-01', '6549', '849', 'Hic et harum et et tempora aut. Voluptatem corporis saepe nihil placeat quo quia autem quis. Ut ab illum et. Similique eos eius voluptas laboriosam consequuntur deserunt delectus.', 'Sint excepturi consequatur illum. Impedit est facere omnis nisi reiciendis qui.', 'keyword-2', '65', 'deactivate', null, '1');
INSERT INTO `fashmart099_product` VALUES ('115', '1973-05-16', 'Prof. Tristian Thompson', 'prof-tristian-thompson', '14', '1,3,6', 'No image found', 'Prof. Tristian Thompson-01', '549', '849', 'Error iure repudiandae sed veniam voluptatum. Ut placeat blanditiis voluptatem voluptates quia recusandae. Quos ipsum fugiat quam. Debitis quod commodi nesciunt autem voluptas.', 'In incidunt error nam ea dolorem. Ad facere nam natus earum illum officia eius.', 'keyword-1', '84', 'activate', null, '1');
INSERT INTO `fashmart099_product` VALUES ('116', '1974-11-14', 'Prof. Aidan Kreiger Sr.', 'prof-aidan-kreiger-sr', '16', '2,22,23', 'No image found', 'Prof. Aidan Kreiger Sr.-01', '111999', '111999', 'Magnam recusandae aut adipisci placeat. Dolorem natus in debitis animi amet ipsa ad nobis. Omnis officia est atque quo voluptatem perferendis officia.', 'Maxime maxime consequatur iure in. Aut consectetur in ut minus et commodi corporis.', 'keyword-1', '84', 'deactivate', null, '1');
INSERT INTO `fashmart099_product` VALUES ('117', '2019-01-28', 'Hayley Russel', 'hayley-russel', '9', '1,10,14', 'No image found', 'Hayley Russel-01', '11999', '111999', 'Et autem dolorem vero et et temporibus. Doloremque temporibus rerum ab sunt voluptatem. Eos mollitia et eaque in officia rerum.', 'Qui sunt aliquam quia eaque. Expedita nihil architecto deserunt. Dolore in sit et eos placeat.', 'keyword-2', '21', 'activate', null, '0');
INSERT INTO `fashmart099_product` VALUES ('118', '2016-01-23', 'Noah Dickens DDS', 'noah-dickens-dds', '5', '2,33,36', 'No image found', 'Noah Dickens DDS-01', '1249', '3249', 'Cum saepe nemo sit doloremque voluptas possimus quia voluptatem. Ipsum odit distinctio vitae quod placeat.', 'Sunt eum eaque itaque in. Delectus non qui qui autem vitae iste rem. Quaerat vitae pariatur eum ut.', 'keyword-2', '2', 'activate', null, '0');
INSERT INTO `fashmart099_product` VALUES ('119', '1991-11-16', 'Gregorio Hoeger', 'gregorio-hoeger', '10', '2,29,30', 'No image found', 'Gregorio Hoeger-01', '111999', '499', 'Illum et labore consequatur suscipit et pariatur debitis vero. Autem nobis sit cumque voluptas. Sed autem occaecati est beatae similique.', 'Sit eaque numquam dolores est fugiat et. Harum ipsam praesentium maxime rerum dolor.', 'keyword-1', '84', 'activate', null, '1');
INSERT INTO `fashmart099_product` VALUES ('120', '2015-07-07', 'Katharina Stark', 'katharina-stark', '12', '1,10,13', 'No image found', 'Katharina Stark-01', '499', '849', 'Iure quisquam suscipit enim reprehenderit quas. Nesciunt exercitationem esse eum inventore. Nihil consequatur iure unde.', 'Sunt repellendus laboriosam sed tenetur ipsum. Velit animi et dolorem autem inventore aperiam.', 'keyword-1', '561', 'activate', null, '1');
INSERT INTO `fashmart099_product` VALUES ('121', '1985-07-07', 'Lambert Conroy', 'lambert-conroy', '3', '1,15,16', 'No image found', 'Lambert Conroy-01', '2549', '45999', 'Dolore alias ut quos incidunt omnis nesciunt. Voluptatem distinctio et aut debitis eum repudiandae non et. Sint nostrum nulla facere et id quod ex. Quia est explicabo voluptas et aut eum a esse.', 'Ex similique voluptas nesciunt neque possimus minima. Accusamus occaecati ut et eius.', 'keyword-1', '56', 'deactivate', null, '1');
INSERT INTO `fashmart099_product` VALUES ('122', '1995-02-16', 'Ross Simonis', 'ross-simonis', '11', '1,10,12', 'No image found', 'Ross Simonis-01', '45999', '1249', 'Libero tempora quos non commodi dolor itaque tempora. Occaecati consequatur recusandae quis est eum. Ab iusto necessitatibus quia blanditiis eius quis autem. Sit mollitia natus at temporibus.', 'Dolores et culpa beatae cumque nesciunt. Officiis earum quod sed voluptas sint.', 'keyword-1', '56', 'deactivate', null, '0');
INSERT INTO `fashmart099_product` VALUES ('123', '2003-09-08', 'Dr. Bryon Ward II', 'dr-bryon-ward-ii', '16', '1,10,12', 'No image found', 'Dr. Bryon Ward II-01', '6549', '3249', 'Qui iure et facere doloremque expedita quibusdam. Libero esse aliquid illum alias accusantium. Velit facere maxime qui quos. Numquam est minus tempora soluta voluptatem ut a vitae.', 'Consequatur fugiat a eaque quia. Quis autem sit recusandae optio quos. Est asperiores et velit.', 'keyword-1', '45', 'deactivate', null, '0');
INSERT INTO `fashmart099_product` VALUES ('124', '1978-07-06', 'Ethan Hackett', 'ethan-hackett', '11', '1,7,8', 'No image found', 'Ethan Hackett-01', '6499', '299', 'Unde quasi architecto ea illum et. Commodi animi et tempore deserunt commodi dolor enim. Dolores dolor iste pariatur. Fuga quasi est necessitatibus quis cupiditate sed.', 'Repellat ea iste mollitia. Eius odio perferendis et accusantium ad eius.', 'keyword-3', '1', 'deactivate', null, '0');
INSERT INTO `fashmart099_product` VALUES ('125', '1979-03-17', 'Prof. Bella Bins Sr.', 'prof-bella-bins-sr', '6', '2,22,23', 'No image found', 'Prof. Bella Bins Sr.-01', '4599', '299', 'Quaerat veritatis incidunt autem saepe consequatur. Quaerat tempora quod adipisci voluptates et consequatur. Ipsam minima corporis et. Hic aliquid dolorum corrupti ut.', 'Amet est libero repellat eum dolores a. Voluptatum quidem aut perferendis molestias.', 'keyword-2', '65', 'activate', null, '1');
INSERT INTO `fashmart099_product` VALUES ('126', '1999-04-14', 'Eunice Kessler', 'eunice-kessler', '6', '2,29,32', 'No image found', 'Eunice Kessler-01', '45999', '2349', 'Rerum rem quia distinctio et aliquid quos. In occaecati et ut ut quidem debitis est. Accusantium itaque vel consequatur sint.', 'Fugiat eligendi provident aut praesentium. Vel iure et sunt.', 'keyword-3', '5', 'activate', null, '1');
INSERT INTO `fashmart099_product` VALUES ('127', '1989-10-14', 'Evan Rodriguez', 'evan-rodriguez', '11', '1,15,18', 'No image found', 'Evan Rodriguez-01', '6549', '549', 'Enim sit odit praesentium hic. Velit temporibus velit aut voluptate provident autem exercitationem. Ut quo voluptas aliquam aut ut est. Placeat molestias qui commodi enim voluptates.', 'Modi qui eius beatae ex corrupti aut. Aut minus sint adipisci tempora beatae enim.', 'keyword-1', '2', 'activate', null, '1');
INSERT INTO `fashmart099_product` VALUES ('128', '1980-08-06', 'Fredy Conroy', 'fredy-conroy', '9', '2,29,31', 'No image found', 'Fredy Conroy-01', '45999', '4599', 'Qui exercitationem ex ea delectus quaerat esse. Et omnis voluptas impedit consequatur deleniti eveniet. Neque sunt rerum sequi in amet.', 'Voluptas tempore ipsum quo laudantium nihil. Et placeat fuga voluptatem iure qui ut facere.', 'keyword-3', '15', 'activate', null, '0');
INSERT INTO `fashmart099_product` VALUES ('129', '2018-10-09', 'Jaylan Crona', 'jaylan-crona', '17', '2,22,24', 'No image found', 'Jaylan Crona-01', '2349', '11999', 'Eos tempore voluptas esse. Rerum aut beatae voluptas reiciendis. Placeat autem nulla ea. Voluptatem consequatur impedit reiciendis iusto officiis.', 'Ipsam voluptatibus maxime possimus rerum sed iusto. Fuga voluptas nemo quisquam adipisci quis.', 'keyword-3', '64', 'activate', null, '1');
INSERT INTO `fashmart099_product` VALUES ('130', '2003-07-14', 'Winona Kshlerin', 'winona-kshlerin', '11', '1,7,8', 'No image found', 'Winona Kshlerin-01', '7899', '111999', 'Et doloremque neque soluta eligendi mollitia veritatis. Placeat assumenda soluta nihil quia dolorem est ex. Possimus itaque sint sit consectetur sed odit quia cumque. Ea libero quae aut vel aut.', 'Est aperiam doloremque hic in deleniti ut esse. Vero voluptates voluptas recusandae et suscipit.', 'keyword-1', '1', 'activate', null, '1');
INSERT INTO `fashmart099_product` VALUES ('131', '1992-10-30', 'Yazmin Wyman', 'yazmin-wyman', '7', '1,10,11', 'No image found', 'Yazmin Wyman-01', '45999', '849', 'Qui quos est quae harum sapiente nesciunt qui. Soluta doloremque libero pariatur. Ut perspiciatis praesentium harum ducimus nihil rem et.', 'Unde voluptatibus quia omnis et. Officiis eos soluta sint consequuntur atque id sed libero.', 'keyword-3', '45', 'activate', null, '0');
INSERT INTO `fashmart099_product` VALUES ('132', '1971-07-28', 'Miss Gregoria Wolf Sr.', 'miss-gregoria-wolf-sr', '6', '2,22,23', 'No image found', 'Miss Gregoria Wolf Sr.-01', '849', '299', 'Dolores expedita iste soluta blanditiis et quos. Distinctio et cumque consectetur. Omnis cumque dicta sunt dolor est.', 'Ea excepturi dolores quis aliquid consequuntur autem. Quis voluptatem error possimus distinctio.', 'keyword-3', '8', 'deactivate', null, '1');
INSERT INTO `fashmart099_product` VALUES ('133', '1972-08-19', 'Consuelo Koch', 'consuelo-koch', '10', '1,7,8', 'No image found', 'Consuelo Koch-01', '2349', '6549', 'Veniam voluptate doloribus qui molestiae. Deleniti ut unde ut cupiditate unde doloribus. Et modi et quae enim est culpa tempora. Quod ad debitis omnis quasi.', 'Et quae autem quaerat laborum nemo rerum ut. Quia et vero sit.', 'keyword-1', '32', 'activate', null, '1');
INSERT INTO `fashmart099_product` VALUES ('134', '1979-08-03', 'Vidal Yost', 'vidal-yost', '7', '1,10,13', 'No image found', 'Vidal Yost-01', '6549', '111999', 'Iure ipsam est ad et deleniti ab dolore. Non quia laudantium et vel enim ipsum quia. Tenetur in consequatur deleniti sit ea rem quis. Id quia tempore minima qui error neque laudantium.', 'Sit eius aut debitis. Accusantium aut recusandae vitae dolorum in. Quia illo ratione velit eum.', 'keyword-1', '8', 'activate', null, '1');
INSERT INTO `fashmart099_product` VALUES ('135', '1992-02-19', 'Prof. Niko Pfannerstill', 'prof-niko-pfannerstill', '7', '1,7,9', 'No image found', 'Prof. Niko Pfannerstill-01', '11999', '6499', 'Velit quibusdam eius est est dolor sit. Omnis cumque consequatur aut est. Sunt et vero consequuntur. Libero eius quas soluta illum praesentium quibusdam aspernatur.', 'Id id rerum ut nobis et nemo nostrum. Aut deleniti voluptatem quo.', 'keyword-1', '64', 'activate', null, '1');
INSERT INTO `fashmart099_product` VALUES ('136', '1997-03-01', 'Miss Isabel Bartoletti Jr.', 'miss-isabel-bartoletti-jr', '17', '1,15,18', 'No image found', 'Miss Isabel Bartoletti Jr.-01', '299', '3249', 'Rem dolorum voluptatem et cum numquam vero voluptates. Ut repudiandae sit sint odio accusantium. Dolorum sed atque voluptatem quas. Ipsa laborum praesentium in alias doloribus non rem maiores.', 'Ipsa culpa et totam consequatur et. Quae molestiae non ut rerum. Quam saepe laudantium quod rerum.', 'keyword-1', '2', 'deactivate', null, '1');
INSERT INTO `fashmart099_product` VALUES ('137', '1987-06-28', 'Alisha Bayer', 'alisha-bayer', '7', '1,15,16', 'No image found', 'Alisha Bayer-01', '849', '6499', 'Voluptatum odio ducimus totam rem. Corporis qui suscipit eaque et quia. Quasi aspernatur voluptates vitae rerum est molestias. Provident exercitationem velit ut dicta voluptas quia.', 'Est iusto aliquam error reprehenderit est eos. Ut tempore et ut blanditiis et.', 'keyword-3', '8', 'deactivate', null, '1');
INSERT INTO `fashmart099_product` VALUES ('138', '2014-11-07', 'Fern Parisian', 'fern-parisian', '9', '1,7,8', 'No image found', 'Fern Parisian-01', '549', '6549', 'Perferendis dolorem non doloremque id quis possimus. Eaque magnam vitae in ipsum. Voluptate a ducimus rerum nihil. Neque ut enim maiores odio earum velit expedita.', 'Dolores quia beatae vitae sed fugiat id. Eveniet impedit quod quae laudantium. Et dolor ad ullam.', 'keyword-1', '21', 'deactivate', null, '1');
INSERT INTO `fashmart099_product` VALUES ('139', '1984-08-14', 'Wilbert Sawayn', 'wilbert-sawayn', '14', '2,33,36', 'No image found', 'Wilbert Sawayn-01', '2549', '7899', 'Tempore officia quas earum earum nihil quidem. Ratione sunt ea non rerum itaque fugiat. Beatae numquam rerum nesciunt praesentium commodi autem.', 'Repudiandae omnis sit in aspernatur. Consequatur repellat aliquam et nobis.', 'keyword-1', '95', 'deactivate', null, '1');
INSERT INTO `fashmart099_product` VALUES ('140', '1975-01-21', 'Mr. Brendan Kuhlman Jr.', 'mr-brendan-kuhlman-jr', '7', '2,25,27', 'No image found', 'Mr. Brendan Kuhlman Jr.-01', '6549', '3249', 'Consequuntur eum similique quaerat qui eius non. Et consequatur est fugit enim. Perferendis fuga debitis quae cum corporis repellendus.', 'Rem sit eos dolor aut minima beatae. Ut mollitia ex praesentium iure iure quia.', 'keyword-1', '54', 'deactivate', null, '0');
INSERT INTO `fashmart099_product` VALUES ('141', '1974-12-31', 'Wilhelmine Denesik', 'wilhelmine-denesik', '17', '1,15,16', 'No image found', 'Wilhelmine Denesik-01', '6549', '849', 'Est eos alias voluptate nam est autem. Sapiente quae officia incidunt natus a tempore tempore.', 'Excepturi sint nisi et error repellat. Accusantium veritatis rem velit quidem ea totam deleniti.', 'keyword-3', '5', 'deactivate', null, '1');
INSERT INTO `fashmart099_product` VALUES ('142', '1991-03-31', 'Leonie Hills', 'leonie-hills', '4', '2,25,26', 'No image found', 'Leonie Hills-01', '7899', '2549', 'Placeat error at repellendus non. Non consectetur possimus commodi nostrum. Quidem numquam nobis omnis iusto. A tempora qui optio maxime sunt id et quos. A explicabo modi tempore aut eum rerum hic.', 'Quia et dolorem sed quasi et et dolor. Aut ut iste beatae cumque. Beatae modi omnis sint sed.', 'keyword-3', '1', 'activate', null, '0');
INSERT INTO `fashmart099_product` VALUES ('143', '2013-10-17', 'Concepcion Ruecker', 'concepcion-ruecker', '9', '2,29,31', 'No image found', 'Concepcion Ruecker-01', '45999', '2349', 'Unde eos sunt veritatis a quia eveniet. Ut impedit cum ut. Et est tempora aut non.', 'Et earum corrupti in eligendi. Maiores voluptatem est quidem quia molestiae veniam nesciunt.', 'keyword-2', '65', 'deactivate', null, '0');
INSERT INTO `fashmart099_product` VALUES ('144', '1983-01-01', 'Eloisa Heller', 'eloisa-heller', '10', '1,3,4', 'No image found', 'Eloisa Heller-01', '499', '549', 'Hic ut et facere qui voluptates tempore ullam. Optio voluptas distinctio rerum a aut dolorem quia. Maxime nostrum eligendi dignissimos debitis qui odio.', 'Dolores doloribus optio quo debitis culpa. Ad nulla dolore eius. Quis tempora quam velit dolore.', 'keyword-2', '32', 'activate', null, '0');
INSERT INTO `fashmart099_product` VALUES ('145', '1982-09-25', 'Mckenna Rolfson', 'mckenna-rolfson', '16', '2,33,36', 'No image found', 'Mckenna Rolfson-01', '499', '6499', 'Soluta nemo quaerat voluptatibus a aut tempore debitis reiciendis. Et harum ab et praesentium. Ea aut veritatis voluptate quibusdam alias.', 'Natus illo enim expedita voluptatem. Occaecati ea iusto modi dignissimos est id.', 'keyword-1', '1', 'deactivate', null, '0');
INSERT INTO `fashmart099_product` VALUES ('146', '2013-11-15', 'Mrs. Molly Hartmann DDS', 'mrs-molly-hartmann-dds', '10', '1,15,17', 'No image found', 'Mrs. Molly Hartmann DDS-01', '2349', '4599', 'Aut amet magnam praesentium tempora nihil natus. Esse illo debitis et ad nam nemo. Placeat delectus possimus nulla accusantium quod.', 'Qui qui autem qui architecto. Nihil cumque eos consequatur a. Corrupti earum illum est.', 'keyword-1', '15', 'deactivate', null, '1');
INSERT INTO `fashmart099_product` VALUES ('147', '2018-06-25', 'Mrs. Natasha Ritchie DVM', 'mrs-natasha-ritchie-dvm', '9', '1,3,6', 'No image found', 'Mrs. Natasha Ritchie DVM-01', '11999', '499', 'Voluptatem ab enim quisquam labore sint odit ad. Totam quia quae saepe minima officia. At ad est voluptate et. Sed non neque quam cum nesciunt.', 'Cum est non eos. Cupiditate iusto veritatis fugit possimus. Dolorem sint blanditiis expedita.', 'keyword-3', '5', 'deactivate', null, '0');
INSERT INTO `fashmart099_product` VALUES ('148', '1974-07-15', 'Prudence Gibson', 'prudence-gibson', '17', '1,10,13', 'No image found', 'Prudence Gibson-01', '299', '11999', 'Dolorem facere excepturi voluptate est harum ab molestiae a. Natus nulla nihil pariatur unde consequatur. Dolor ex saepe delectus qui.', 'Quo ratione repellat recusandae nemo odit nostrum iusto. Sit provident mollitia rerum nemo quia.', 'keyword-2', '1', 'deactivate', null, '1');
INSERT INTO `fashmart099_product` VALUES ('149', '2016-12-25', 'Dewayne Klocko', 'dewayne-klocko', '6', '2,22,23', 'No image found', 'Dewayne Klocko-01', '11999', '6549', 'Dolor velit possimus ad. Molestias et ea vel voluptatem voluptas occaecati. Architecto voluptatem nihil et autem nihil quasi dolor laborum. Maiores quis sed ea porro.', 'Et vel inventore voluptatem mollitia esse officia. Quaerat harum corrupti consequuntur aut harum.', 'keyword-2', '5', 'activate', null, '0');
INSERT INTO `fashmart099_product` VALUES ('150', '2017-07-01', 'Wallace Smith', 'wallace-smith', '18', '2,29,31', 'No image found', 'Wallace Smith-01', '6549', '1249', 'Quasi autem necessitatibus possimus molestias blanditiis sit cupiditate. Non ut suscipit illum repellat. Ea et dolores possimus.', 'Autem ut et eius et saepe. Inventore at aut quam et corrupti ipsa vel dolorem.', 'keyword-2', '95', 'activate', null, '1');
INSERT INTO `fashmart099_product` VALUES ('151', '2019-04-13', 'Prof. Rick Schmeler IV', 'prof-rick-schmeler-iv', '1', '2,29,32', 'No image found', 'Prof. Rick Schmeler IV-01', '1249', '499', 'Cupiditate dicta exercitationem error atque. Vel aperiam eligendi architecto deserunt expedita exercitationem. Aut reiciendis et tempora non.', 'Vero et placeat repellendus aut. Sunt consectetur sit quisquam fugiat tempore quia blanditiis.', 'keyword-1', '21', 'activate', null, '1');
INSERT INTO `fashmart099_product` VALUES ('152', '2015-06-02', 'Mr. Bobbie Bernhard', 'mr-bobbie-bernhard', '13', '2,29,31', 'No image found', 'Mr. Bobbie Bernhard-01', '4599', '6499', 'Incidunt nulla alias id sit amet. Sint enim dolorum tenetur harum. Tenetur possimus a aut. Aut ea provident est officia error qui.', 'Minima non omnis accusamus et quis cupiditate. Blanditiis temporibus exercitationem qui accusamus.', 'keyword-3', '5', 'deactivate', null, '1');
INSERT INTO `fashmart099_product` VALUES ('153', '2012-10-31', 'Ms. Baby Larkin PhD', 'ms-baby-larkin-phd', '3', '1,15,17', 'No image found', 'Ms. Baby Larkin PhD-01', '1249', '6499', 'Et velit commodi pariatur sed odio. Exercitationem ea blanditiis corporis temporibus in quibusdam quod. Officia voluptatum rerum recusandae nobis ipsum.', 'Distinctio sapiente maxime sit provident a mollitia sit quidem. Excepturi et corporis omnis quod.', 'keyword-3', '84', 'deactivate', null, '0');
INSERT INTO `fashmart099_product` VALUES ('154', '1993-05-04', 'Alan Oberbrunner', 'alan-oberbrunner', '12', '1,15,16', 'No image found', 'Alan Oberbrunner-01', '299', '45999', 'Sunt ipsam repellendus illum cum veritatis. Quisquam qui voluptatem dignissimos consequatur ullam ad nesciunt vitae. Non eaque ratione dolorem illo sunt ut libero.', 'Inventore ullam cum quibusdam excepturi sit repudiandae sit. Quidem porro et fuga non qui.', 'keyword-2', '5', 'activate', null, '1');
INSERT INTO `fashmart099_product` VALUES ('155', '1970-01-18', 'Margarett Thompson', 'margarett-thompson', '15', '1,3,4', 'No image found', 'Margarett Thompson-01', '2349', '549', 'Qui consequatur exercitationem qui delectus fugiat aut consequatur. Enim autem placeat enim vero dolorem rerum ipsam. Quae eveniet cum vitae ratione laborum enim nulla. Architecto quam et atque.', 'Quo nam ex rerum odit. Est consequatur saepe nulla sequi. Facilis sint sint a temporibus voluptas.', 'keyword-1', '32', 'deactivate', null, '1');

-- ----------------------------
-- Table structure for `fashmart099_product_gallery`
-- ----------------------------
DROP TABLE IF EXISTS `fashmart099_product_gallery`;
CREATE TABLE `fashmart099_product_gallery` (
  `id` int(10) unsigned NOT NULL AUTO_INCREMENT,
  `product_id` int(11) DEFAULT NULL,
  `gallery_images` varchar(255) DEFAULT NULL,
  PRIMARY KEY (`id`)
) ENGINE=InnoDB AUTO_INCREMENT=85 DEFAULT CHARSET=utf8;

-- ----------------------------
-- Records of fashmart099_product_gallery
-- ----------------------------
INSERT INTO `fashmart099_product_gallery` VALUES ('1', '1', '25a1427a7e3e38991f959f56f2df21d9.jpg');
INSERT INTO `fashmart099_product_gallery` VALUES ('2', '1', '6f3f1c755cbaa23e10f342fb599ac4a0.jpg');
INSERT INTO `fashmart099_product_gallery` VALUES ('3', '2', 'aa01678a461da7b5cb0ef1b53946190b.JPG');
INSERT INTO `fashmart099_product_gallery` VALUES ('4', '2', 'b9330a809e338156aa1e63296dbea404.jpg');
INSERT INTO `fashmart099_product_gallery` VALUES ('5', '2', 'a7d490280e70c4f61cfdbd5e40d87e3b.JPG');
INSERT INTO `fashmart099_product_gallery` VALUES ('6', '2', '2540f832e1fe4953fdb649616b63278a.jpg');
INSERT INTO `fashmart099_product_gallery` VALUES ('7', '2', '496cf0458b5d1dd5c03e312da25bb6af.jpg');
INSERT INTO `fashmart099_product_gallery` VALUES ('8', '3', '19cc5e88f516ac4f6425e96850d77d15.jpg');
INSERT INTO `fashmart099_product_gallery` VALUES ('9', '3', '30a6d7423af84313bf9f8857f8f2184b.jpg');
INSERT INTO `fashmart099_product_gallery` VALUES ('10', '3', '13b48c563f52b30266022e8201b43318.jpg');
INSERT INTO `fashmart099_product_gallery` VALUES ('11', '3', 'd6d07f0427b7d139abe89af2bb026b55.jpg');
INSERT INTO `fashmart099_product_gallery` VALUES ('12', '1', 'd140b39b4d3ce268edd317a61755914f.jpg');
INSERT INTO `fashmart099_product_gallery` VALUES ('13', '1', '29f1a4bf3cb07dcce1a7138943130610.jpg');
INSERT INTO `fashmart099_product_gallery` VALUES ('14', '3', 'b5b6be7bd41befc92f0c587ce0d085e2.jpg');
INSERT INTO `fashmart099_product_gallery` VALUES ('15', '3', '6324482ca4d6e4ff0ab5adbbbc06abe9.jpg');
INSERT INTO `fashmart099_product_gallery` VALUES ('16', '4', '31c053ac08bec691622b3ba2dba23c17.jpg');
INSERT INTO `fashmart099_product_gallery` VALUES ('17', '6', '1a3ff820ed06bd437a8e7ccf81cc2f4f.jpg');
INSERT INTO `fashmart099_product_gallery` VALUES ('18', '7', 'a02cbea6e530465c94c170bbaea38a6b.jpg');
INSERT INTO `fashmart099_product_gallery` VALUES ('19', '8', 'ad0a0e68d98e671b435e7ff96c44fc2c.jpg');
INSERT INTO `fashmart099_product_gallery` VALUES ('20', '9', 'fd8a575e0a1f31bc8a355e222797e54a.jpg');
INSERT INTO `fashmart099_product_gallery` VALUES ('21', '10', '14adc1c96f7c11f62297b4b2cfc01e03.jpg');
INSERT INTO `fashmart099_product_gallery` VALUES ('22', '12', '9d1033361280946e6ce5be23dddea024.jpg');
INSERT INTO `fashmart099_product_gallery` VALUES ('23', '12', 'e3ab887f5f53559600cab02e9fa64825.jpg');
INSERT INTO `fashmart099_product_gallery` VALUES ('24', '13', '7298056c9e590f45d3bb2b58b623ddb5.jpg');
INSERT INTO `fashmart099_product_gallery` VALUES ('25', '14', '5deefca75a564bae75cbfd8b7c24d314.jpg');
INSERT INTO `fashmart099_product_gallery` VALUES ('26', '17', '092855c603a081b5c5be0d30e115f670.jpg');
INSERT INTO `fashmart099_product_gallery` VALUES ('27', '17', '6ad0774241ccb69195f00005004d5bf6.jpg');
INSERT INTO `fashmart099_product_gallery` VALUES ('28', '18', 'eb6a8b0383d977770f6f4c3377b97fbd.jpg');
INSERT INTO `fashmart099_product_gallery` VALUES ('29', '19', '2871989a59f847741f3b0ed601cc7cff.jpg');
INSERT INTO `fashmart099_product_gallery` VALUES ('30', '20', '9c6e7c306ff1a96af664b7c505427f73.jpg');
INSERT INTO `fashmart099_product_gallery` VALUES ('31', '23', 'a91dda621e092a322ebe5bb45eaf526c.jpg');
INSERT INTO `fashmart099_product_gallery` VALUES ('32', '23', '1775016b2d7fca197406c670d73901d1.jpg');
INSERT INTO `fashmart099_product_gallery` VALUES ('33', '28', 'e0f6930b62e9b9a19970c2c024e29224.jpg');
INSERT INTO `fashmart099_product_gallery` VALUES ('34', '28', '096b2e1750ef523aa33c476508496ede.jpg');
INSERT INTO `fashmart099_product_gallery` VALUES ('35', '29', 'af81752c68368862f24b10fbe5745650.jpg');
INSERT INTO `fashmart099_product_gallery` VALUES ('36', '30', '1b86affc051d02d6983f8c4d0b8d9620.jpg');
INSERT INTO `fashmart099_product_gallery` VALUES ('37', '31', 'b904be70cc5f52f2be22804f9548e6fd.jpg');
INSERT INTO `fashmart099_product_gallery` VALUES ('38', '32', '28814f717fb941d69354d6434fd80a02.jpg');
INSERT INTO `fashmart099_product_gallery` VALUES ('39', '33', '1454dafc94c1d751ee0bfc7a46b57ca8.jpg');
INSERT INTO `fashmart099_product_gallery` VALUES ('40', '33', '9647ff1611f7bd8c5df4dfa2e0896ee4.jpg');
INSERT INTO `fashmart099_product_gallery` VALUES ('41', '34', '17c9c387616ce387b5641595639526d5.jpg');
INSERT INTO `fashmart099_product_gallery` VALUES ('42', '35', 'c5984a0c2b624376f1b7180ee286fdb0.jpg');
INSERT INTO `fashmart099_product_gallery` VALUES ('43', '35', '8d511a762fbf009fada79d7a6cfad0c3.jpg');
INSERT INTO `fashmart099_product_gallery` VALUES ('44', '36', '95ad1e81530c3e166df4e77942d5af6c.jpg');
INSERT INTO `fashmart099_product_gallery` VALUES ('45', '36', '159bd66e8619d44f5d832cf783b87a15.jpg');
INSERT INTO `fashmart099_product_gallery` VALUES ('46', '37', '649c21c7affd471cecd7aa0251d32ba2.jpg');
INSERT INTO `fashmart099_product_gallery` VALUES ('47', '37', 'a9b902a08b0f2f8d4d4f7c615f96474c.jpg');
INSERT INTO `fashmart099_product_gallery` VALUES ('48', '38', '242314b15914286fa9b527f43715529b.jpg');
INSERT INTO `fashmart099_product_gallery` VALUES ('49', '39', '774fef901b9cd92f9057972882f50b6f.jpg');
INSERT INTO `fashmart099_product_gallery` VALUES ('50', '40', 'c92b93b09c7ed52e609c2d2b43447ff5.jpg');
INSERT INTO `fashmart099_product_gallery` VALUES ('51', '41', '5fb7358a240bc1cb07f9249a29c0e24b.jpg');
INSERT INTO `fashmart099_product_gallery` VALUES ('52', '42', '3a25678b3d560a71faa3aba1078f476b.jpg');
INSERT INTO `fashmart099_product_gallery` VALUES ('53', '42', '2dc4788a79c43cb24acf58fdf1df26cc.jpg');
INSERT INTO `fashmart099_product_gallery` VALUES ('54', '43', '9707b8fad738fd37d6407c8e86ca44b8.jpg');
INSERT INTO `fashmart099_product_gallery` VALUES ('55', '43', '4256a8610961340913ea7b364dec7f06.jpg');
INSERT INTO `fashmart099_product_gallery` VALUES ('56', '44', '43a61e37e6ba44be1a6aef65425faf40.jpg');
INSERT INTO `fashmart099_product_gallery` VALUES ('57', '44', '2778984be57ff247a5a194d6a5196a73.jpg');
INSERT INTO `fashmart099_product_gallery` VALUES ('58', '45', '53a5c2e401ca86e9d3aa19dd515e2c6e.jpg');
INSERT INTO `fashmart099_product_gallery` VALUES ('59', '45', '6440163331a1a0a33190dd89076600b9.jpg');
INSERT INTO `fashmart099_product_gallery` VALUES ('60', '46', '9dc9c6dd7c1a4f77a7f8c5b4b5df00a1.jpg');
INSERT INTO `fashmart099_product_gallery` VALUES ('61', '47', 'ff55acd59724f021a49da706ece58b25.jpg');
INSERT INTO `fashmart099_product_gallery` VALUES ('62', '47', 'db11dff9ff1b76f77b3494bfb4de0b3a.jpg');
INSERT INTO `fashmart099_product_gallery` VALUES ('63', '48', '684fc9c6f83cf33a5562c968b03fb7a5.jpg');
INSERT INTO `fashmart099_product_gallery` VALUES ('64', '49', 'ca89ac72b3a21e6f83017ef1f747703d.jpg');
INSERT INTO `fashmart099_product_gallery` VALUES ('65', '50', '96a0576cd62fb5d75630d7279045f4c0.jpg');
INSERT INTO `fashmart099_product_gallery` VALUES ('66', '51', 'adf958b76d916a28baa1fbb0178cccb4.jpg');
INSERT INTO `fashmart099_product_gallery` VALUES ('67', '52', '4f63cd8cff431f8b8c8eb06d0f3a78a4.jpg');
INSERT INTO `fashmart099_product_gallery` VALUES ('68', '53', '5e6a2213090266ebd714c2900035bb24.jpg');
INSERT INTO `fashmart099_product_gallery` VALUES ('69', '54', 'e11e76b6faf78ab8a1a9e566b7f4b308.jpg');
INSERT INTO `fashmart099_product_gallery` VALUES ('70', '55', '3c8ed6c8125df1067cf65063687a6a51.jpg');
INSERT INTO `fashmart099_product_gallery` VALUES ('71', '56', '09b060be9c571ffbc431df9909ee784f.jpg');
INSERT INTO `fashmart099_product_gallery` VALUES ('72', '58', 'c53616d21e4525e240b6b4a8ed8e9f0e.jpg');
INSERT INTO `fashmart099_product_gallery` VALUES ('73', '60', 'fbd540ba172519b42ad6127afc88f1dd.jpg');
INSERT INTO `fashmart099_product_gallery` VALUES ('74', '62', 'a5b39c951331ffbaf943767c667e5daf.jpg');
INSERT INTO `fashmart099_product_gallery` VALUES ('75', '63', 'b3757b30500545e0d1dad174962c04a6.jpg');
INSERT INTO `fashmart099_product_gallery` VALUES ('76', '64', '7bd4393b6f4b2a772c0bff4c23d04499.jpg');
INSERT INTO `fashmart099_product_gallery` VALUES ('77', '65', '03601bf95ccef803a967ea7e206bf522.jpg');
INSERT INTO `fashmart099_product_gallery` VALUES ('78', '66', 'c3ce6b6b60a1213fc5319361f71ad56d.jpg');
INSERT INTO `fashmart099_product_gallery` VALUES ('79', '69', '9b56af7b6ba909d3f2f88a1e4f9e4052.jpg');
INSERT INTO `fashmart099_product_gallery` VALUES ('80', '70', '8153c8b516b1c101ad051d0df2b952bd.jpg');
INSERT INTO `fashmart099_product_gallery` VALUES ('81', '71', 'a7cfe19d4886b8e3637c6c621936efde.jpg');
INSERT INTO `fashmart099_product_gallery` VALUES ('82', '73', '61c448ede6558e87b22412c21d01b322.jpg');
INSERT INTO `fashmart099_product_gallery` VALUES ('83', '74', '02a9ec8188c8f95b2272cb53244d56f8.jpg');
INSERT INTO `fashmart099_product_gallery` VALUES ('84', '76', 'a4d445d60ef24ab986982d0d90bba228.jpg');

-- ----------------------------
-- Table structure for `fashmart099_setting`
-- ----------------------------
DROP TABLE IF EXISTS `fashmart099_setting`;
CREATE TABLE `fashmart099_setting` (
  `id` int(10) unsigned NOT NULL AUTO_INCREMENT,
  `image` varchar(255) DEFAULT NULL,
  `type` varchar(255) DEFAULT NULL,
  `home_type` varchar(255) DEFAULT NULL,
  `sort` int(11) DEFAULT NULL,
  PRIMARY KEY (`id`)
) ENGINE=InnoDB AUTO_INCREMENT=7 DEFAULT CHARSET=utf8;

-- ----------------------------
-- Records of fashmart099_setting
-- ----------------------------
INSERT INTO `fashmart099_setting` VALUES ('1', '2d776f7d4b439e18eb82a2faf3fc34ce.png', 'logo', '1', null);
INSERT INTO `fashmart099_setting` VALUES ('2', '7a2d7d317f1c5a8dff40e93bf8f25b46.jpg', 'small-cat-1', '2', null);
INSERT INTO `fashmart099_setting` VALUES ('3', '0dcae35df1d20355106e3832eca84990.jpg', 'small-cat-2', '2', null);
INSERT INTO `fashmart099_setting` VALUES ('4', '99ccc72aa3494c737917fb193a2e0040.jpg', 'small-cat-3', '2', null);
INSERT INTO `fashmart099_setting` VALUES ('5', '89edaf3626bde9582e4245d184b0f361.jpg', 'big-cat-1', '3', null);
INSERT INTO `fashmart099_setting` VALUES ('6', '6b87f1cd9010c8d8d4854d70b204bc8a.jpg', 'big-cat-2', '3', null);
